[
  {
    "id": "1bde41dc-0ade-4b67-8db6-3f3eb5db186c",
    "data": [
      {
        "text": "Good evening, how may I assist you?",
        "userDefined": false
      }
    ],
    "isTemplate": false,
    "count": 0,
    "lang": "en",
    "updated": 0
  },
  {
    "id": "8474a3d4-7e14-487a-abe6-1c52fcf1dbb4",
    "data": [
      {
        "text": "Good afternoon, how may I assist you?",
        "userDefined": false
      }
    ],
    "isTemplate": false,
    "count": 0,
    "lang": "en",
    "updated": 0
  },
  {
    "id": "700dfa96-3a7a-484e-b36f-648df9077094",
    "data": [
      {
        "text": "Good morning, how may I assist you?",
        "userDefined": false
      }
    ],
    "isTemplate": false,
    "count": 0,
    "lang": "en",
    "updated": 0
  },
  {
    "id": "bf98c2e8-b048-44fe-a4ca-b025b5db8a3f",
    "data": [
      {
        "text": "Good evening, how may I help you?",
        "userDefined": false
      }
    ],
    "isTemplate": false,
    "count": 0,
    "lang": "en",
    "updated": 0
  },
  {
    "id": "388ee701-825c-4868-81f2-edac9a4c7710",
    "data": [
      {
        "text": "Good afternoon, how may I help you?",
        "userDefined": false
      }
    ],
    "isTemplate": false,
    "count": 0,
    "lang": "en",
    "updated": 0
  },
  {
    "id": "fee0670d-0e1a-41b5-b082-0d5aa4f07dea",
    "data": [
      {
        "text": "Good morning, how may I help you?",
        "userDefined": false
      }
    ],
    "isTemplate": false,
    "count": 0,
    "lang": "en",
    "updated": 0
  },
  {
    "id": "6c7d409f-3552-483a-a47c-551a7a3b29af",
    "data": [
      {
        "text": "Good evening, welcome to ",
        "userDefined": false
      },
      {
        "text": "Hotel West. How",
        "meta": "@sys.ignore",
        "userDefined": false
      },
      {
        "text": " may I assist you?",
        "userDefined": false
      }
    ],
    "isTemplate": false,
    "count": 0,
    "lang": "en",
    "updated": 0
  },
  {
    "id": "8f43bcd3-11a1-4a28-813f-16d46a881627",
    "data": [
      {
        "text": "Good afternoon, welcome to Hotel West. How may I assist you?",
        "userDefined": false
      }
    ],
    "isTemplate": false,
    "count": 0,
    "lang": "en",
    "updated": 0
  },
  {
    "id": "b2f3a2c6-7ebc-4fc0-b544-6ea7ea891729",
    "data": [
      {
        "text": "Good morning, welcome to ",
        "userDefined": false
      },
      {
        "text": "Hotel West. How",
        "meta": "@sys.ignore",
        "userDefined": false
      },
      {
        "text": " may I assist you?",
        "userDefined": false
      }
    ],
    "isTemplate": false,
    "count": 0,
    "lang": "en",
    "updated": 0
  },
  {
    "id": "09bdbd5e-f0a6-4758-8b6d-566ef54edaa1",
    "data": [
      {
        "text": "Greetings! How can I assist?",
        "userDefined": false
      }
    ],
    "isTemplate": false,
    "count": 0,
    "lang": "en",
    "updated": 0
  },
  {
    "id": "17032d63-7953-4c91-a16b-7aae0116542e",
    "data": [
      {
        "text": "hey",
        "userDefined": false
      }
    ],
    "isTemplate": false,
    "count": 0,
    "lang": "en",
    "updated": 0
  },
  {
    "id": "e31864b1-ae67-4cb9-8352-0066adf7a6a7",
    "data": [
      {
        "text": "greetings",
        "userDefined": false
      }
    ],
    "isTemplate": false,
    "count": 0,
    "lang": "en",
    "updated": 0
  },
  {
    "id": "c79a8eba-dee3-4ae0-acbd-9d177a0cbeda",
    "data": [
      {
        "text": "hey there",
        "userDefined": false
      }
    ],
    "isTemplate": false,
    "count": 0,
    "lang": "en",
    "updated": 0
  },
  {
    "id": "3f763324-e775-48dd-9389-6a637b9abd35",
    "data": [
      {
        "text": "hello hi",
        "userDefined": false
      }
    ],
    "isTemplate": false,
    "count": 0,
    "lang": "en",
    "updated": 0
  },
  {
    "id": "6445f751-dafe-4fe9-9526-6cd2b2204071",
    "data": [
      {
        "text": "heya",
        "userDefined": false
      }
    ],
    "isTemplate": false,
    "count": 0,
    "lang": "en",
    "updated": 0
  },
  {
    "id": "b9efdf50-3c6c-4334-9331-e77fd936553f",
    "data": [
      {
        "text": "hello",
        "userDefined": false
      }
    ],
    "isTemplate": false,
    "count": 0,
    "lang": "en",
    "updated": 0
  },
  {
    "id": "fb3c2794-8712-47f7-a079-2cf3f867906c",
    "data": [
      {
        "text": "hi",
        "userDefined": false
      }
    ],
    "isTemplate": false,
    "count": 0,
    "lang": "en",
    "updated": 0
  },
  {
    "id": "89dcd8aa-d629-4d9f-a3bc-fe8b21708e22",
    "data": [
      {
        "text": "Good day! What can I do for you ",
        "userDefined": false
      },
      {
        "text": "today",
        "meta": "@sys.ignore",
        "userDefined": false
      },
      {
        "text": "?",
        "userDefined": false
      }
    ],
    "isTemplate": false,
    "count": 0,
    "lang": "en",
    "updated": 0
  },
  {
    "id": "dd019486-1742-41aa-810f-248e947fad6c",
    "data": [
      {
        "text": "Hello! How can I help you?",
        "userDefined": false
      }
    ],
    "isTemplate": false,
    "count": 0,
    "lang": "en",
    "updated": 0
  },
  {
    "id": "696e5e25-6e87-4e8e-8956-883fd152a948",
    "data": [
      {
        "text": "good afternoon, welcome to Hotel West. How may I help you?",
        "userDefined": false
      }
    ],
    "isTemplate": false,
    "count": 0,
    "lang": "en",
    "updated": 0
  },
  {
    "id": "0759bac3-0c79-4b61-a0fa-05e57048e45e",
    "data": [
      {
        "text": "Good afternoon, how can I be of assistance?",
        "userDefined": false
      }
    ],
    "isTemplate": false,
    "count": 0,
    "lang": "en",
    "updated": 0
  },
  {
    "id": "54b1bb4b-cb49-4305-9c97-3923bf88912a",
    "data": [
      {
        "text": "Good afternoon, how may I be of assistance?",
        "userDefined": false
      }
    ],
    "isTemplate": false,
    "count": 0,
    "lang": "en",
    "updated": 0
  },
  {
    "id": "3ff4bdd0-9afb-43bf-8748-0a4ffc3190c0",
    "data": [
      {
        "text": "Good evening, how may I be of assistance?",
        "userDefined": false
      }
    ],
    "isTemplate": false,
    "count": 1,
    "lang": "en",
    "updated": 0
  },
  {
    "id": "581d3573-aa17-48fb-9dd2-a6ce810bfbbf",
    "data": [
      {
        "text": "Good evening, how can I be of assistance?",
        "userDefined": false
      }
    ],
    "isTemplate": false,
    "count": 0,
    "lang": "en",
    "updated": 0
  },
  {
    "id": "a1fe57cc-7dd6-48fb-9f4d-2af7d2c881f9",
    "data": [
      {
        "text": "Good morning, how can I be of assistance?",
        "userDefined": false
      }
    ],
    "isTemplate": false,
    "count": 0,
    "lang": "en",
    "updated": 0
  },
  {
    "id": "3d05e7a3-c86b-46f4-80f6-e615d1452d25",
    "data": [
      {
        "text": "Good morning, how may I be of assistance?",
        "userDefined": false
      }
    ],
    "isTemplate": false,
    "count": 0,
    "lang": "en",
    "updated": 0
  },
  {
    "id": "69b383ab-4646-4589-a806-6f2ba36d0412",
    "data": [
      {
        "text": "Welcome to Hotel West, how can I help you?",
        "userDefined": false
      }
    ],
    "isTemplate": false,
    "count": 0,
    "lang": "en",
    "updated": 0
  },
  {
    "id": "b50d493a-a663-4436-bad3-4e5347249883",
    "data": [
      {
        "text": "Welcome to Hotel West, how may I help you?",
        "userDefined": false
      }
    ],
    "isTemplate": false,
    "count": 0,
    "lang": "en",
    "updated": 0
  },
  {
    "id": "f060e81d-39ff-4134-9068-a27903297144",
    "data": [
      {
        "text": "good evening, welcome to Hotel West. How may I help you?",
        "userDefined": false
      }
    ],
    "isTemplate": false,
    "count": 0,
    "lang": "en",
    "updated": 0
  },
  {
    "id": "3f93cbb6-f142-4f09-afdd-d7ada2223039",
    "data": [
      {
        "text": "good morning, welcome to Hotel West. How may I help you?",
        "userDefined": false
      }
    ],
    "isTemplate": false,
    "count": 0,
    "lang": "en",
    "updated": 0
  }
]