[
  {
    "id": "838f19d8-6305-458e-8245-718bf237f0c4",
    "data": [
      {
        "text": "how",
        "meta": "@sys.ignore",
        "userDefined": false
      },
      {
        "text": " about now",
        "userDefined": false
      }
    ],
    "isTemplate": false,
    "count": 0,
    "lang": "en",
    "updated": 0
  },
  {
    "id": "0f28f8f7-e0e6-40a0-87a7-2ada1b808033",
    "data": [
      {
        "text": "here",
        "userDefined": false
      }
    ],
    "isTemplate": false,
    "count": 0,
    "lang": "en",
    "updated": 0
  },
  {
    "id": "5505a83d-59b3-4aff-b8b9-e6991222c7e8",
    "data": [
      {
        "text": "Can you see that now",
        "userDefined": false
      }
    ],
    "isTemplate": false,
    "count": 0,
    "lang": "en",
    "updated": 0
  },
  {
    "id": "0388aa86-380b-406c-b914-6cee210f3feb",
    "data": [
      {
        "text": "let me show you",
        "userDefined": false
      }
    ],
    "isTemplate": false,
    "count": 0,
    "lang": "en",
    "updated": 0
  }
]