[
  {
    "id": "30e95e01-3b8d-48f3-9cf0-acfed9a7c1b7",
    "data": [
      {
        "text": "Let me add the charges to your bill",
        "userDefined": false
      }
    ],
    "isTemplate": false,
    "count": 0,
    "lang": "en",
    "updated": 0
  },
  {
    "id": "76e06e0b-116c-4662-b849-690162071c24",
    "data": [
      {
        "text": "Let me add the charges to your room",
        "userDefined": false
      }
    ],
    "isTemplate": false,
    "count": 0,
    "lang": "en",
    "updated": 0
  },
  {
    "id": "e296e0bc-b7ec-42c8-a919-c786940b458d",
    "data": [
      {
        "text": "Let me update your bill",
        "userDefined": false
      }
    ],
    "isTemplate": false,
    "count": 0,
    "lang": "en",
    "updated": 0
  },
  {
    "id": "79887863-6369-480c-b378-02611f3f665b",
    "data": [
      {
        "text": "Let me update the bill",
        "userDefined": false
      }
    ],
    "isTemplate": false,
    "count": 0,
    "lang": "en",
    "updated": 0
  }
]