[
  {
    "id": "7d2a6a2c-bab3-4396-8f72-00deeea587ad",
    "data": [
      {
        "text": "I will see you back at the Front Desk after you clear your safe",
        "userDefined": false
      }
    ],
    "isTemplate": false,
    "count": 0,
    "lang": "en",
    "updated": 0
  },
  {
    "id": "33b87916-0874-4f8d-91f7-25da665768ec",
    "data": [
      {
        "text": "This is your room key. I will see you back at the Front Desk after you clear your safe",
        "userDefined": false
      }
    ],
    "isTemplate": false,
    "count": 0,
    "lang": "en",
    "updated": 0
  },
  {
    "id": "e215fab5-f9f5-4022-a92c-33b9cc1c018c",
    "data": [
      {
        "text": "Give me a moment, I will return your room key",
        "userDefined": false
      }
    ],
    "isTemplate": false,
    "count": 0,
    "lang": "en",
    "updated": 0
  },
  {
    "id": "bd38f36c-9a33-404f-8757-2cbd6253b0c9",
    "data": [
      {
        "text": "I will return you your room key and you can retrieve it",
        "userDefined": false
      }
    ],
    "isTemplate": false,
    "count": 0,
    "lang": "en",
    "updated": 0
  },
  {
    "id": "d0a336b9-52d4-487c-8e39-47afc1bdd4a4",
    "data": [
      {
        "text": "Here is your room key. You can go back to the room to retrieve it",
        "userDefined": false
      }
    ],
    "isTemplate": false,
    "count": 0,
    "lang": "en",
    "updated": 0
  },
  {
    "id": "67caa90f-c8e6-464d-a1c0-6045722472a4",
    "data": [
      {
        "text": "Here is your room key. You may go back to the room to retrieve it",
        "userDefined": false
      }
    ],
    "isTemplate": false,
    "count": 1,
    "lang": "en",
    "updated": 0
  },
  {
    "id": "b9af3c1b-5bbf-4fc2-98ae-2be795003af0",
    "data": [
      {
        "text": "You can go to your room to retrieve it. Here is your room key",
        "userDefined": false
      }
    ],
    "isTemplate": false,
    "count": 0,
    "lang": "en",
    "updated": 0
  },
  {
    "id": "88b11f62-b23a-4e08-826a-5bf5e292b77b",
    "data": [
      {
        "text": "Let me give you your room key so you can get your items",
        "userDefined": false
      }
    ],
    "isTemplate": false,
    "count": 0,
    "lang": "en",
    "updated": 0
  },
  {
    "id": "dc51e807-47d9-43dd-afe6-61aa50b8cb01",
    "data": [
      {
        "text": "Let me give you your room key",
        "userDefined": false
      }
    ],
    "isTemplate": false,
    "count": 0,
    "lang": "en",
    "updated": 0
  },
  {
    "id": "8dc1bf3b-427b-4bdd-944c-8d1566e91a17",
    "data": [
      {
        "text": "Let me get you your room key so you can get your items",
        "userDefined": false
      }
    ],
    "isTemplate": false,
    "count": 0,
    "lang": "en",
    "updated": 0
  },
  {
    "id": "ea274463-592d-4289-8ea1-3d46e228b057",
    "data": [
      {
        "text": "Let me get you your room key",
        "userDefined": false
      }
    ],
    "isTemplate": false,
    "count": 0,
    "lang": "en",
    "updated": 0
  }
]