[
  {
    "id": "6f5b0e25-2806-4d44-b2d6-1e6cb3a5d573",
    "data": [
      {
        "text": "This is your bill, can you check please",
        "userDefined": false
      }
    ],
    "isTemplate": false,
    "count": 0,
    "lang": "en",
    "updated": 0
  },
  {
    "id": "facc63f7-8a94-4c69-91da-49b085089acc",
    "data": [
      {
        "text": "Can you please look through your bill",
        "userDefined": false
      }
    ],
    "isTemplate": false,
    "count": 0,
    "lang": "en",
    "updated": 0
  },
  {
    "id": "eb872b3a-bc8b-47ba-b619-6513866749bb",
    "data": [
      {
        "text": "Please check your bill",
        "userDefined": false
      }
    ],
    "isTemplate": false,
    "count": 0,
    "lang": "en",
    "updated": 0
  },
  {
    "id": "4ead4e3a-9d73-4ef3-bffa-3b7068a190be",
    "data": [
      {
        "text": "Can you check your bill please",
        "userDefined": false
      }
    ],
    "isTemplate": false,
    "count": 0,
    "lang": "en",
    "updated": 0
  },
  {
    "id": "5109f249-bef2-445c-a327-6383f20a1289",
    "data": [
      {
        "text": "This is your copy of the bill. Please check",
        "userDefined": false
      }
    ],
    "isTemplate": false,
    "count": 0,
    "lang": "en",
    "updated": 0
  }
]