[
  {
    "id": "6b3762aa-f39f-447f-8427-94de13b2b713",
    "data": [
      {
        "text": "I hope to see you again soon",
        "userDefined": false
      }
    ],
    "isTemplate": false,
    "count": 0,
    "lang": "en",
    "updated": 0
  },
  {
    "id": "537f2678-c333-416b-8615-9e12836036e2",
    "data": [
      {
        "text": "Thank you for choosing to stay with us. I hope to see you again soon",
        "userDefined": false
      }
    ],
    "isTemplate": false,
    "count": 0,
    "lang": "en",
    "updated": 0
  },
  {
    "id": "4e92315b-3f8e-47ac-aa09-aea9360d853e",
    "data": [
      {
        "text": "Have a safe trip home",
        "userDefined": false
      }
    ],
    "isTemplate": false,
    "count": 0,
    "lang": "en",
    "updated": 0
  },
  {
    "id": "dfdede32-8ad3-435e-8a15-469408e75c47",
    "data": [
      {
        "text": "Have a safe journey home",
        "userDefined": false
      }
    ],
    "isTemplate": false,
    "count": 0,
    "lang": "en",
    "updated": 0
  },
  {
    "id": "2008a140-65a6-44ac-a3b7-4c9afdfa374b",
    "data": [
      {
        "text": "We look forward to welcoming you again",
        "userDefined": false
      }
    ],
    "isTemplate": false,
    "count": 0,
    "lang": "en",
    "updated": 0
  },
  {
    "id": "8615cffe-a244-4261-84a6-fdf566def89a",
    "data": [
      {
        "text": "It was a pleasure having you here with us",
        "userDefined": false
      }
    ],
    "isTemplate": false,
    "count": 0,
    "lang": "en",
    "updated": 0
  },
  {
    "id": "6ee8a556-6529-4973-9449-c7de36793186",
    "data": [
      {
        "text": "It was a pleasure having you here with us. We look forward to welcoming you again",
        "userDefined": false
      }
    ],
    "isTemplate": false,
    "count": 0,
    "lang": "en",
    "updated": 0
  },
  {
    "id": "234d338b-3ebf-4b09-a6fe-77d6d9fe8c51",
    "data": [
      {
        "text": "I hope you have a good flight back home",
        "userDefined": false
      }
    ],
    "isTemplate": false,
    "count": 0,
    "lang": "en",
    "updated": 0
  },
  {
    "id": "3179225f-2f5b-49a7-98a9-825a6555d8c9",
    "data": [
      {
        "text": "Thank you for staying with us",
        "userDefined": false
      }
    ],
    "isTemplate": false,
    "count": 0,
    "lang": "en",
    "updated": 0
  },
  {
    "id": "fd7e80ff-d03c-4b8c-aefa-1034901f191d",
    "data": [
      {
        "text": "Thank you for staying with ",
        "userDefined": false
      },
      {
        "text": "us",
        "meta": "@sys.ignore",
        "userDefined": false
      },
      {
        "text": ". I hope you have a good flight back home",
        "userDefined": false
      }
    ],
    "isTemplate": false,
    "count": 0,
    "lang": "en",
    "updated": 0
  }
]