[
  {
    "id": "965b5946-9a21-4107-ae80-ff6aba3a3c3b",
    "data": [
      {
        "text": "We will retrieve it later",
        "userDefined": false
      }
    ],
    "isTemplate": false,
    "count": 0,
    "lang": "en",
    "updated": 0
  },
  {
    "id": "4e2d460b-4845-4e96-8217-29007dc0691a",
    "data": [
      {
        "text": "no problem",
        "userDefined": false
      }
    ],
    "isTemplate": false,
    "count": 0,
    "lang": "en",
    "updated": 0
  },
  {
    "id": "08d18418-4f15-487f-97a4-801333233ce8",
    "data": [
      {
        "text": "No worries",
        "userDefined": false
      }
    ],
    "isTemplate": false,
    "count": 0,
    "lang": "en",
    "updated": 0
  },
  {
    "id": "d9c5e340-c1a5-4214-ba91-530e0386f3ac",
    "data": [
      {
        "text": "It is fine",
        "userDefined": false
      }
    ],
    "isTemplate": false,
    "count": 0,
    "lang": "en",
    "updated": 0
  },
  {
    "id": "5d799ab2-368d-4887-94e2-309cfd99b1e3",
    "data": [
      {
        "text": "It is ok",
        "userDefined": false
      }
    ],
    "isTemplate": false,
    "count": 0,
    "lang": "en",
    "updated": 0
  }
]