[
  {
    "id": "02c716b5-6b7e-4b69-ab0e-746a4d37f498",
    "data": [
      {
        "text": "Pleased to hear that",
        "userDefined": false
      }
    ],
    "isTemplate": false,
    "count": 1,
    "lang": "en",
    "updated": 0
  },
  {
    "id": "1902e548-e7fd-4669-9f47-e0fc8de9f660",
    "data": [
      {
        "text": "Happy to hear that",
        "userDefined": false
      }
    ],
    "isTemplate": false,
    "count": 0,
    "lang": "en",
    "updated": 0
  },
  {
    "id": "36413783-f69c-4d7e-a7a7-25768b1508c4",
    "data": [
      {
        "text": "Great that you enjoyed your stay",
        "userDefined": false
      }
    ],
    "isTemplate": false,
    "count": 0,
    "lang": "en",
    "updated": 0
  },
  {
    "id": "4914266f-6d20-43a4-a69a-e990642fdc55",
    "data": [
      {
        "text": "I\u0027m glad you enjoyed your stay",
        "userDefined": false
      }
    ],
    "isTemplate": false,
    "count": 0,
    "lang": "en",
    "updated": 0
  },
  {
    "id": "908fec2f-54bd-4a89-90a4-d43514b8541b",
    "data": [
      {
        "text": "I\u0027m glad you had a good stay",
        "userDefined": false
      }
    ],
    "isTemplate": false,
    "count": 0,
    "lang": "en",
    "updated": 0
  },
  {
    "id": "eff699f8-855b-4c97-8593-0614b5ba867f",
    "data": [
      {
        "text": "I\u0027m glad to hear that",
        "userDefined": false
      }
    ],
    "isTemplate": false,
    "count": 0,
    "lang": "en",
    "updated": 0
  },
  {
    "id": "1193cc7e-0bc1-49d1-8438-22f1a8cdd6d3",
    "data": [
      {
        "text": "We hope to have you back again",
        "userDefined": false
      }
    ],
    "isTemplate": false,
    "count": 0,
    "lang": "en",
    "updated": 0
  },
  {
    "id": "9795ded7-7132-4bbb-b75e-df29c43d0ac2",
    "data": [
      {
        "text": "Great to hear that",
        "userDefined": false
      }
    ],
    "isTemplate": false,
    "count": 0,
    "lang": "en",
    "updated": 0
  }
]