[
  {
    "id": "766ef5b4-3c7f-46b0-b8b0-421efcab7025",
    "data": [
      {
        "text": "Has your transportation been arranged?",
        "userDefined": false
      }
    ],
    "isTemplate": false,
    "count": 0,
    "lang": "en",
    "updated": 0
  },
  {
    "id": "2554d3ba-922e-422e-8d36-0d35adc0e55a",
    "data": [
      {
        "text": "Do you need a taxi to the airport?",
        "userDefined": false
      }
    ],
    "isTemplate": false,
    "count": 0,
    "lang": "en",
    "updated": 0
  },
  {
    "id": "71265fea-87be-48a8-b175-3bee51220539",
    "data": [
      {
        "text": "Would you like me to arrange a taxi for you to the airport?",
        "userDefined": false
      }
    ],
    "isTemplate": false,
    "count": 0,
    "lang": "en",
    "updated": 0
  }
]