[
  {
    "id": "6d8e498a-68aa-4a17-9ca6-3acc3257283b",
    "data": [
      {
        "text": "Do you need to keep your bags with us?",
        "userDefined": false
      }
    ],
    "isTemplate": false,
    "count": 0,
    "lang": "en",
    "updated": 0
  },
  {
    "id": "45f9eea8-2ddc-47d7-810d-736ab7c944ea",
    "data": [
      {
        "text": "Do you need to store your bags with us?",
        "userDefined": false
      }
    ],
    "isTemplate": false,
    "count": 0,
    "lang": "en",
    "updated": 0
  },
  {
    "id": "8a887164-28b2-4605-99d9-f439bf6729d8",
    "data": [
      {
        "text": "Has your luggage been brought down?",
        "userDefined": false
      }
    ],
    "isTemplate": false,
    "count": 0,
    "lang": "en",
    "updated": 0
  },
  {
    "id": "1b11edc7-ef93-4d73-8c0b-e5fe172ed562",
    "data": [
      {
        "text": "Has your luggage been taken care off?",
        "userDefined": false
      }
    ],
    "isTemplate": false,
    "count": 0,
    "lang": "en",
    "updated": 0
  }
]