[
  {
    "id": "8cc70d18-23d5-496f-a300-7abc63a977b6",
    "data": [
      {
        "text": "Any consumption from the minibar",
        "userDefined": false
      }
    ],
    "isTemplate": false,
    "count": 0,
    "lang": "en",
    "updated": 0
  },
  {
    "id": "3344785b-6ce2-4abb-ac78-001ed5965084",
    "data": [
      {
        "text": "Any items from the minibar?",
        "userDefined": false
      }
    ],
    "isTemplate": false,
    "count": 0,
    "lang": "en",
    "updated": 0
  },
  {
    "id": "7f4d2a13-2685-4728-bd68-36c436fc15a5",
    "data": [
      {
        "text": "Have you taken anything from the minibar?",
        "userDefined": false
      }
    ],
    "isTemplate": false,
    "count": 0,
    "lang": "en",
    "updated": 0
  },
  {
    "id": "b55cd412-377a-48b0-beec-e7fd56cac14d",
    "data": [
      {
        "text": "Did you have anything from the minibar?",
        "userDefined": false
      }
    ],
    "isTemplate": false,
    "count": 0,
    "lang": "en",
    "updated": 0
  },
  {
    "id": "1c5d4372-c1bd-49a4-ba87-8992217a47e5",
    "data": [
      {
        "text": "Any last minute consumption from the minibar?",
        "userDefined": false
      }
    ],
    "isTemplate": false,
    "count": 0,
    "lang": "en",
    "updated": 0
  },
  {
    "id": "1a4e14e8-20cb-4aaa-8c46-8e80c5a91b60",
    "data": [
      {
        "text": "Did you consume anything from the minibar?",
        "userDefined": false
      }
    ],
    "isTemplate": false,
    "count": 0,
    "lang": "en",
    "updated": 0
  }
]