[
  {
    "id": "bc0a78b7-1571-4dc1-b79d-834d3b09321b",
    "data": [
      {
        "text": "What",
        "meta": "@sys.ignore",
        "userDefined": false
      },
      {
        "text": " did you consume?",
        "userDefined": false
      }
    ],
    "isTemplate": false,
    "count": 0,
    "lang": "en",
    "updated": 0
  },
  {
    "id": "4e9f92c7-4623-4366-8c55-b24957d3dfb0",
    "data": [
      {
        "text": "What",
        "meta": "@sys.ignore",
        "userDefined": false
      },
      {
        "text": " did you take?",
        "userDefined": false
      }
    ],
    "isTemplate": false,
    "count": 0,
    "lang": "en",
    "updated": 0
  },
  {
    "id": "e28d3b6b-aa7f-4916-ac69-5147e747038a",
    "data": [
      {
        "text": "May I know ",
        "userDefined": false
      },
      {
        "text": "what",
        "meta": "@sys.ignore",
        "userDefined": false
      },
      {
        "text": " you had?",
        "userDefined": false
      }
    ],
    "isTemplate": false,
    "count": 0,
    "lang": "en",
    "updated": 0
  },
  {
    "id": "05fc8257-9214-45e5-96e6-ee271efc53e7",
    "data": [
      {
        "text": "May I know the items?",
        "userDefined": false
      }
    ],
    "isTemplate": false,
    "count": 0,
    "lang": "en",
    "updated": 0
  }
]