[
  {
    "id": "15b9d525-f73c-41de-9844-69ba28d48093",
    "data": [
      {
        "text": "Has your in-room safe been cleared?",
        "userDefined": false
      }
    ],
    "isTemplate": false,
    "count": 0,
    "lang": "en",
    "updated": 0
  },
  {
    "id": "f5a98731-98ef-4971-a16e-9363fde3d24e",
    "data": [
      {
        "text": "May I check if you have cleared your safe deposit box?",
        "userDefined": false
      }
    ],
    "isTemplate": false,
    "count": 0,
    "lang": "en",
    "updated": 0
  },
  {
    "id": "ba22484d-3def-4732-a0d2-4b96b3eb58f2",
    "data": [
      {
        "text": "You have cleared your in-room safe deposit box?",
        "userDefined": false
      }
    ],
    "isTemplate": false,
    "count": 0,
    "lang": "en",
    "updated": 0
  },
  {
    "id": "78cb46dc-a084-4553-8401-f7a624a0db23",
    "data": [
      {
        "text": "You have cleared your safe deposit box?",
        "userDefined": false
      }
    ],
    "isTemplate": false,
    "count": 0,
    "lang": "en",
    "updated": 0
  },
  {
    "id": "45244838-3442-4fef-bcb6-7cb9a9d306ac",
    "data": [
      {
        "text": "Have you cleared your valuables from the safe?",
        "userDefined": false
      }
    ],
    "isTemplate": false,
    "count": 0,
    "lang": "en",
    "updated": 0
  },
  {
    "id": "4f1beb1c-7713-44fb-9fe9-e0ca307d324d",
    "data": [
      {
        "text": "I believe/trust you have cleared your safe deposit box?",
        "userDefined": false
      }
    ],
    "isTemplate": false,
    "count": 0,
    "lang": "en",
    "updated": 0
  },
  {
    "id": "fbfa3680-56f0-4569-980e-e562404cdd93",
    "data": [
      {
        "text": "I believe/trust you have cleared your in-room safe deposit box?",
        "userDefined": false
      }
    ],
    "isTemplate": false,
    "count": 0,
    "lang": "en",
    "updated": 0
  },
  {
    "id": "a572c998-c2cd-4ebb-a52d-a4b6b4dca534",
    "data": [
      {
        "text": "Have you cleared your safe deposit box?",
        "userDefined": false
      }
    ],
    "isTemplate": false,
    "count": 0,
    "lang": "en",
    "updated": 0
  },
  {
    "id": "843ebd87-10ae-466f-96b3-9c9dcb4bb292",
    "data": [
      {
        "text": "Have you cleared your in-room safe deposit box?",
        "userDefined": false
      }
    ],
    "isTemplate": false,
    "count": 0,
    "lang": "en",
    "updated": 0
  },
  {
    "id": "77b2e061-2e60-4c33-9829-0f8947057cf1",
    "data": [
      {
        "text": "Have you cleared the in-room safe deposit box?",
        "userDefined": false
      }
    ],
    "isTemplate": false,
    "count": 0,
    "lang": "en",
    "updated": 0
  },
  {
    "id": "9e69f823-1b1f-4876-b212-a9d2dc135287",
    "data": [
      {
        "text": "Have you cleared the safe deposit box?",
        "userDefined": false
      }
    ],
    "isTemplate": false,
    "count": 0,
    "lang": "en",
    "updated": 0
  },
  {
    "id": "82fcf27c-3064-4755-a20c-8bcb6c5f50cd",
    "data": [
      {
        "text": "Have you cleared your safe deposit box in the room?",
        "userDefined": false
      }
    ],
    "isTemplate": false,
    "count": 0,
    "lang": "en",
    "updated": 0
  }
]