[
  {
    "id": "fe84a1e0-19c4-4d2e-9fbe-ff07511d54dc",
    "data": [
      {
        "text": "How",
        "meta": "@sys.ignore",
        "userDefined": false
      },
      {
        "text": " was your stay here with us?",
        "userDefined": false
      }
    ],
    "isTemplate": false,
    "count": 0,
    "lang": "en",
    "updated": 0
  },
  {
    "id": "c88b8d7b-4d26-46a8-82d8-94c01d99d5ee",
    "data": [
      {
        "text": "How",
        "meta": "@sys.ignore",
        "userDefined": false
      },
      {
        "text": " was your stay with us?",
        "userDefined": false
      }
    ],
    "isTemplate": false,
    "count": 0,
    "lang": "en",
    "updated": 0
  },
  {
    "id": "64d55d3a-476c-4416-a2c2-1e8523032335",
    "data": [
      {
        "text": "May I get your feedback on our hotel services?",
        "userDefined": false
      }
    ],
    "isTemplate": false,
    "count": 0,
    "lang": "en",
    "updated": 0
  },
  {
    "id": "2b96cd07-fb51-43bc-a189-7aac6e9ad743",
    "data": [
      {
        "text": "May I get your feedback for your stay here with us?",
        "userDefined": false
      }
    ],
    "isTemplate": false,
    "count": 0,
    "lang": "en",
    "updated": 0
  },
  {
    "id": "0a102a23-28d3-4226-b225-fb20c93c4426",
    "data": [
      {
        "text": "Did you have a pleasant stay with us?",
        "userDefined": false
      }
    ],
    "isTemplate": false,
    "count": 0,
    "lang": "en",
    "updated": 0
  },
  {
    "id": "437c964d-282c-4ab9-a392-8dd90a2d4602",
    "data": [
      {
        "text": "Did you enjoy your stay here with us?",
        "userDefined": false
      }
    ],
    "isTemplate": false,
    "count": 0,
    "lang": "en",
    "updated": 0
  }
]