[
  {
    "id": "21d694f4-70e5-460c-b99c-82535fc5cba2",
    "data": [
      {
        "text": "Would you like to book a return stay with us?",
        "userDefined": false
      }
    ],
    "isTemplate": false,
    "count": 0,
    "lang": "en",
    "updated": 0
  },
  {
    "id": "cbe7c1ab-1dfe-4090-84ec-00e472e06ede",
    "data": [
      {
        "text": "Would you be coming back to stay with us?",
        "userDefined": false
      }
    ],
    "isTemplate": false,
    "count": 0,
    "lang": "en",
    "updated": 0
  },
  {
    "id": "ee00c90a-e484-45d7-91ac-74eb4d65bb7a",
    "data": [
      {
        "text": "Are you coming back to Singapore in the near future?",
        "userDefined": false
      }
    ],
    "isTemplate": false,
    "count": 0,
    "lang": "en",
    "updated": 0
  },
  {
    "id": "ca015daf-c4aa-42e0-876d-6242ed0e59a4",
    "data": [
      {
        "text": "When",
        "meta": "@sys.ignore",
        "userDefined": false
      },
      {
        "text": " are you coming back to stay with us?",
        "userDefined": false
      }
    ],
    "isTemplate": false,
    "count": 0,
    "lang": "en",
    "updated": 0
  },
  {
    "id": "80fba19b-ab0f-4f53-afda-4edba9f96ef0",
    "data": [
      {
        "text": "Do you have any future reservations with us?",
        "userDefined": false
      }
    ],
    "isTemplate": false,
    "count": 0,
    "lang": "en",
    "updated": 0
  }
]