[
  {
    "id": "b934a136-ea49-462c-93be-f0e9f83ed350",
    "data": [
      {
        "text": "give me a moment please",
        "userDefined": false
      }
    ],
    "isTemplate": false,
    "count": 0,
    "lang": "en",
    "updated": 0
  },
  {
    "id": "e5b44707-c0e6-4c7c-8201-630fef013ff3",
    "data": [
      {
        "text": "wait a moment",
        "userDefined": false
      }
    ],
    "isTemplate": false,
    "count": 0,
    "lang": "en",
    "updated": 0
  },
  {
    "id": "ee533985-3e1e-4bf0-8bf3-e29f357a5dce",
    "data": [
      {
        "text": "give me a moment",
        "userDefined": false
      }
    ],
    "isTemplate": false,
    "count": 0,
    "lang": "en",
    "updated": 0
  }
]