[
  {
    "id": "f94e55b1-04eb-4174-adaa-0a60df5cec06",
    "data": [
      {
        "text": "How",
        "meta": "@sys.ignore",
        "userDefined": false
      },
      {
        "text": " about now",
        "userDefined": false
      }
    ],
    "isTemplate": false,
    "count": 0,
    "lang": "en",
    "updated": 0
  },
  {
    "id": "6d9e7471-3d5c-4ec2-b6e5-d0832b94d46c",
    "data": [
      {
        "text": "Here",
        "userDefined": false
      }
    ],
    "isTemplate": false,
    "count": 0,
    "lang": "en",
    "updated": 0
  },
  {
    "id": "24bfddae-42dd-4ac7-8725-35faf3e9552a",
    "data": [
      {
        "text": "Can you see that now",
        "userDefined": false
      }
    ],
    "isTemplate": false,
    "count": 0,
    "lang": "en",
    "updated": 0
  },
  {
    "id": "1d9dc157-03fc-4074-a59f-2c38665d90eb",
    "data": [
      {
        "text": "Let me show you",
        "userDefined": false
      }
    ],
    "isTemplate": false,
    "count": 0,
    "lang": "en",
    "updated": 0
  }
]