[
  {
    "id": "66273920-a0c4-4b8a-829a-6b8dd99052e3",
    "data": [
      {
        "text": "Do you have your room keys with you? May I have it please",
        "userDefined": false
      }
    ],
    "isTemplate": false,
    "count": 0,
    "lang": "en",
    "updated": 0
  },
  {
    "id": "4d45a97d-f025-4ee5-af32-71798f00d9fa",
    "data": [
      {
        "text": "May I have your room keys back?",
        "userDefined": false
      }
    ],
    "isTemplate": false,
    "count": 0,
    "lang": "en",
    "updated": 0
  },
  {
    "id": "8e68747c-08c9-4ab5-8b7c-70df4b104ca8",
    "data": [
      {
        "text": "Your room key please?",
        "userDefined": false
      }
    ],
    "isTemplate": false,
    "count": 0,
    "lang": "en",
    "updated": 0
  },
  {
    "id": "d50b0701-26de-4fb9-a881-ff6a8f431b01",
    "data": [
      {
        "text": "can I have your room key please",
        "userDefined": false
      }
    ],
    "isTemplate": false,
    "count": 0,
    "lang": "en",
    "updated": 0
  },
  {
    "id": "267a6791-2e46-487b-91c7-52469b7e58e8",
    "data": [
      {
        "text": "may I have your room key please",
        "userDefined": false
      }
    ],
    "isTemplate": false,
    "count": 0,
    "lang": "en",
    "updated": 0
  }
]