[
  {
    "id": "54c423de-ace3-4574-97fb-9338d634dbe3",
    "data": [
      {
        "text": "This is the amount charged to your ",
        "userDefined": false
      },
      {
        "text": "credit card",
        "meta": "@sys.ignore",
        "userDefined": false
      },
      {
        "text": ". Can you sign here?",
        "userDefined": false
      }
    ],
    "isTemplate": false,
    "count": 0,
    "lang": "en",
    "updated": 0
  },
  {
    "id": "456dcb33-c5ae-432a-bf79-4c7a2e95a54c",
    "data": [
      {
        "text": "This is the amount charged to your ",
        "userDefined": false
      },
      {
        "text": "card",
        "meta": "@sys.ignore",
        "userDefined": false
      },
      {
        "text": ". Can you sign here?",
        "userDefined": false
      }
    ],
    "isTemplate": false,
    "count": 0,
    "lang": "en",
    "updated": 0
  },
  {
    "id": "d869ebd5-f5ba-4f07-a1c4-741ecd1c5010",
    "data": [
      {
        "text": "If the amount tallies, may I have your signature please",
        "userDefined": false
      }
    ],
    "isTemplate": false,
    "count": 0,
    "lang": "en",
    "updated": 0
  },
  {
    "id": "945450f2-cb78-4594-939c-4f88f6423007",
    "data": [
      {
        "text": "If the amount is correct, please sign here",
        "userDefined": false
      }
    ],
    "isTemplate": false,
    "count": 0,
    "lang": "en",
    "updated": 0
  },
  {
    "id": "57664a88-d936-4527-8bfc-cdb3600317f3",
    "data": [
      {
        "text": "If the charges is correct, please sign here",
        "userDefined": false
      }
    ],
    "isTemplate": false,
    "count": 0,
    "lang": "en",
    "updated": 0
  },
  {
    "id": "72971750-9327-4250-8096-98f2db2a7236",
    "data": [
      {
        "text": "Can you sign here if the charge is correct?",
        "userDefined": false
      }
    ],
    "isTemplate": false,
    "count": 0,
    "lang": "en",
    "updated": 0
  }
]