[
  {
    "id": "68360ce7-554d-4f0b-957b-8ee548b22546",
    "data": [
      {
        "text": "What",
        "meta": "@sys.ignore",
        "userDefined": false
      },
      {
        "text": " is your name and room number?",
        "userDefined": false
      }
    ],
    "isTemplate": false,
    "count": 0,
    "lang": "en",
    "updated": 0
  },
  {
    "id": "5ea1901b-19ab-4cbd-8aed-69dc8c55077a",
    "data": [
      {
        "text": "Could you give me your name and room number please?",
        "userDefined": false
      }
    ],
    "isTemplate": false,
    "count": 0,
    "lang": "en",
    "updated": 0
  },
  {
    "id": "747d40e8-40fb-4773-94d2-84d61a0b30c7",
    "data": [
      {
        "text": "Your name and room number please",
        "userDefined": false
      }
    ],
    "isTemplate": false,
    "count": 0,
    "lang": "en",
    "updated": 0
  },
  {
    "id": "30b9b384-8f36-44ed-86a3-b8785db34081",
    "data": [
      {
        "text": "May I have your name and room number?",
        "userDefined": false
      }
    ],
    "isTemplate": false,
    "count": 0,
    "lang": "en",
    "updated": 0
  },
  {
    "id": "cd4c8e76-5df6-4b77-b49d-113042047bb9",
    "data": [
      {
        "text": "Can I have your name and room number?",
        "userDefined": false
      }
    ],
    "isTemplate": false,
    "count": 0,
    "lang": "en",
    "updated": 0
  },
  {
    "id": "5b6fb357-d9a7-462b-8aba-2a350685b716",
    "data": [
      {
        "text": "Sure, may I have your name and room number please?",
        "userDefined": false
      }
    ],
    "isTemplate": false,
    "count": 0,
    "lang": "en",
    "updated": 0
  },
  {
    "id": "905619f0-928c-466c-8cdd-2a762b71d4c3",
    "data": [
      {
        "text": "Sure, can I have your name and room number please?",
        "userDefined": false
      }
    ],
    "isTemplate": false,
    "count": 0,
    "lang": "en",
    "updated": 0
  },
  {
    "id": "c1ade992-8633-4af9-b4b6-95e9ad4b3167",
    "data": [
      {
        "text": "Certainly, may I have your name and room number please?",
        "userDefined": false
      }
    ],
    "isTemplate": false,
    "count": 0,
    "lang": "en",
    "updated": 0
  },
  {
    "id": "d9de1509-7c2a-406c-b31b-81ea175e98ff",
    "data": [
      {
        "text": "Certainly, can I have your name and room number please?",
        "userDefined": false
      }
    ],
    "isTemplate": false,
    "count": 0,
    "lang": "en",
    "updated": 0
  }
]