[
  {
    "id": "ee5701c9-761f-4b77-bb04-57d8a3970a00",
    "data": [
      {
        "text": "I am sorry it is not available",
        "userDefined": false
      }
    ],
    "isTemplate": false,
    "count": 0,
    "lang": "en",
    "updated": 0
  },
  {
    "id": "19a617bd-0308-421a-9b19-0642be5f461f",
    "data": [
      {
        "text": "I am sorry it is not possible",
        "userDefined": false
      }
    ],
    "isTemplate": false,
    "count": 0,
    "lang": "en",
    "updated": 0
  },
  {
    "id": "9b9ee573-75c3-405d-b690-53283ab15900",
    "data": [
      {
        "text": "i am afraid it is not possible",
        "userDefined": false
      }
    ],
    "isTemplate": false,
    "count": 0,
    "lang": "en",
    "updated": 0
  },
  {
    "id": "f4f83738-7077-40fe-ae08-b5337b046419",
    "data": [
      {
        "text": "i am afraid it is not available",
        "userDefined": false
      }
    ],
    "isTemplate": false,
    "count": 0,
    "lang": "en",
    "updated": 0
  },
  {
    "id": "64022431-d5c9-4e19-ae2f-de86172dd0cb",
    "data": [
      {
        "text": "sorry ..",
        "userDefined": false
      }
    ],
    "isTemplate": false,
    "count": 0,
    "lang": "en",
    "updated": 0
  },
  {
    "id": "165b33d0-2710-4189-88dd-28bb5076d592",
    "data": [
      {
        "text": "I am so sorry",
        "userDefined": false
      }
    ],
    "isTemplate": false,
    "count": 0,
    "lang": "en",
    "updated": 0
  },
  {
    "id": "e8b39cf4-e027-4de9-99ca-cb2be1bed20e",
    "data": [
      {
        "text": "I am sorry",
        "userDefined": false
      }
    ],
    "isTemplate": false,
    "count": 0,
    "lang": "en",
    "updated": 0
  }
]