[
  {
    "id": "37a2fcbc-7aca-431a-a22c-4e3464434ed5",
    "data": [
      {
        "text": "certainly",
        "userDefined": false
      }
    ],
    "isTemplate": false,
    "count": 0,
    "lang": "en",
    "updated": 0
  },
  {
    "id": "d7945879-a7ca-4faa-99e3-7bf142f67bc8",
    "data": [
      {
        "text": "Yes",
        "userDefined": false
      }
    ],
    "isTemplate": false,
    "count": 0,
    "lang": "en",
    "updated": 0
  },
  {
    "id": "1e96799c-32a7-4db2-a3bc-087875e26ac1",
    "data": [
      {
        "text": "Yes, certainly",
        "userDefined": false
      }
    ],
    "isTemplate": false,
    "count": 0,
    "lang": "en",
    "updated": 0
  }
]