[
  {
    "id": "e47c2a34-c827-435e-b8fd-14313954e00c",
    "data": [
      {
        "text": "May I have you write down your address, email and contact number please?",
        "userDefined": false
      }
    ],
    "isTemplate": false,
    "count": 0,
    "lang": "en",
    "updated": 0
  },
  {
    "id": "23a1af61-0bd2-4fac-b5ae-b76e89c49770",
    "data": [
      {
        "text": "It is fine, can you fill up your contact details please?",
        "userDefined": false
      }
    ],
    "isTemplate": false,
    "count": 0,
    "lang": "en",
    "updated": 0
  },
  {
    "id": "fe13ad00-243c-4be1-80fb-f4f89350d7c5",
    "data": [
      {
        "text": "Can you write down your address, email and contact number please?",
        "userDefined": false
      }
    ],
    "isTemplate": false,
    "count": 1,
    "lang": "en",
    "updated": 0
  },
  {
    "id": "c8a4479a-707e-4f73-a4ec-b4b09f7a3103",
    "data": [
      {
        "text": "May I have your address, email and contact number please?",
        "userDefined": false
      }
    ],
    "isTemplate": false,
    "count": 0,
    "lang": "en",
    "updated": 0
  },
  {
    "id": "8ecd77f5-4ef8-4def-8689-6c40b0cfeae2",
    "data": [
      {
        "text": "May I have you fill up your contact details please?",
        "userDefined": false
      }
    ],
    "isTemplate": false,
    "count": 0,
    "lang": "en",
    "updated": 0
  },
  {
    "id": "640ed908-1c01-47b8-8200-730d3685487f",
    "data": [
      {
        "text": "It is okay. Could you write down your contact details please",
        "userDefined": false
      }
    ],
    "isTemplate": false,
    "count": 0,
    "lang": "en",
    "updated": 0
  },
  {
    "id": "336c7a51-5d2d-4f42-8c44-33db1cfea114",
    "data": [
      {
        "text": "Since you do not have your business card with you, could you fill up your contact details",
        "userDefined": false
      }
    ],
    "isTemplate": false,
    "count": 0,
    "lang": "en",
    "updated": 0
  },
  {
    "id": "742147af-0dd9-4b4e-966d-8ba440e5d03a",
    "data": [
      {
        "text": "fill up your contact",
        "userDefined": false
      }
    ],
    "isTemplate": false,
    "count": 0,
    "lang": "en",
    "updated": 0
  },
  {
    "id": "ef1b72da-ad90-4aff-822d-4d420cf1ed7d",
    "data": [
      {
        "text": "fill up your contact details",
        "userDefined": false
      }
    ],
    "isTemplate": false,
    "count": 1,
    "lang": "en",
    "updated": 0
  }
]