[
  {
    "id": "cd5d6e24-fd12-4d47-804c-58d226f49128",
    "data": [
      {
        "text": "Have a wonderful stay with ",
        "userDefined": false
      },
      {
        "text": "us",
        "meta": "@sys.ignore",
        "userDefined": false
      },
      {
        "text": ". If you need anything else, do contact us at the Reception",
        "userDefined": false
      }
    ],
    "isTemplate": false,
    "count": 0,
    "lang": "en",
    "updated": 0
  },
  {
    "id": "9d790102-e2da-45c0-b811-b0b5b248a88f",
    "data": [
      {
        "text": "I hope you have a pleasant stay with us. If you need anything else, do contact us at the Reception",
        "userDefined": false
      }
    ],
    "isTemplate": false,
    "count": 0,
    "lang": "en",
    "updated": 0
  },
  {
    "id": "91ec09c4-5f26-462d-9aee-3d9f3905aa5e",
    "data": [
      {
        "text": "Please enjoy your stay. If you need anything else, do contact us at the Reception",
        "userDefined": false
      }
    ],
    "isTemplate": false,
    "count": 0,
    "lang": "en",
    "updated": 0
  },
  {
    "id": "2fdb78c9-957d-4a70-b0ea-c7e76af70573",
    "data": [
      {
        "text": "Have a pleasant stay with us. If you need anything else, do contact us at the Reception via extension ",
        "userDefined": false
      },
      {
        "text": "1",
        "meta": "@sys.ignore",
        "userDefined": false
      }
    ],
    "isTemplate": false,
    "count": 0,
    "lang": "en",
    "updated": 0
  },
  {
    "id": "4d65f7a0-dca6-4280-a798-1dfd79fd8d9f",
    "data": [
      {
        "text": "Then we are all set",
        "userDefined": false
      }
    ],
    "isTemplate": false,
    "count": 0,
    "lang": "en",
    "updated": 0
  },
  {
    "id": "a8df751f-4fb8-4df4-90d7-1af52fabc6c8",
    "data": [
      {
        "text": "I hope you enjoy your stay with us",
        "userDefined": false
      }
    ],
    "isTemplate": false,
    "count": 0,
    "lang": "en",
    "updated": 0
  },
  {
    "id": "0264abc5-7896-4f13-98fb-bfa89fb3838c",
    "data": [
      {
        "text": "Have a wonderful stay with us.",
        "userDefined": false
      }
    ],
    "isTemplate": false,
    "count": 0,
    "lang": "en",
    "updated": 0
  },
  {
    "id": "17f9b1e9-d3c9-404a-b986-9ddea17ace90",
    "data": [
      {
        "text": "If you need anything, feel free to contact us at the Reception",
        "userDefined": false
      }
    ],
    "isTemplate": false,
    "count": 0,
    "lang": "en",
    "updated": 0
  },
  {
    "id": "ce4427cc-e984-4d6e-bda9-5e56c080bf7b",
    "data": [
      {
        "text": "Have a pleasant stay with us. If you need anything, feel free to contact us at the Reception",
        "userDefined": false
      }
    ],
    "isTemplate": false,
    "count": 0,
    "lang": "en",
    "updated": 0
  },
  {
    "id": "8e9f082d-31f9-4c26-a0f2-9dfd2c95aa9b",
    "data": [
      {
        "text": "perfect, we are all set",
        "userDefined": false
      }
    ],
    "isTemplate": false,
    "count": 0,
    "lang": "en",
    "updated": 0
  }
]