[
  {
    "id": "4eedfb36-e0c1-48da-b016-ff1a76528840",
    "data": [
      {
        "text": "Can you see know?",
        "userDefined": false
      }
    ],
    "isTemplate": false,
    "count": 0,
    "lang": "en",
    "updated": 0
  },
  {
    "id": "677f6c1b-20a9-48e5-87f5-d643c3a69b64",
    "data": [
      {
        "text": "let me show you",
        "userDefined": false
      }
    ],
    "isTemplate": false,
    "count": 0,
    "lang": "en",
    "updated": 0
  },
  {
    "id": "c5c3f452-ccb6-41c0-8ce8-06ea3679488d",
    "data": [
      {
        "text": "here",
        "userDefined": false
      }
    ],
    "isTemplate": false,
    "count": 0,
    "lang": "en",
    "updated": 0
  }
]