[
  {
    "id": "9550a110-4362-4e5d-8c86-215ee204bb67",
    "data": [
      {
        "text": "Let me check",
        "userDefined": false
      }
    ],
    "isTemplate": false,
    "count": 0,
    "lang": "en",
    "updated": 0
  },
  {
    "id": "ed1f1229-1b15-4995-bfdf-5ddf82f5698c",
    "data": [
      {
        "text": "Allow me to check",
        "userDefined": false
      }
    ],
    "isTemplate": false,
    "count": 0,
    "lang": "en",
    "updated": 0
  },
  {
    "id": "79c26263-2232-454c-a721-1cd992a76386",
    "data": [
      {
        "text": "Let me check if it is possible",
        "userDefined": false
      }
    ],
    "isTemplate": false,
    "count": 0,
    "lang": "en",
    "updated": 0
  },
  {
    "id": "98655eb0-ea4c-418b-bfe4-2d3ab6309c45",
    "data": [
      {
        "text": "Let me check if it is available",
        "userDefined": false
      }
    ],
    "isTemplate": false,
    "count": 0,
    "lang": "en",
    "updated": 0
  },
  {
    "id": "bfe213d9-7af8-4946-81bc-453133f6a9cf",
    "data": [
      {
        "text": "No, thanks",
        "userDefined": false
      }
    ],
    "isTemplate": false,
    "count": 0,
    "lang": "en",
    "updated": 0
  },
  {
    "id": "504e6c05-3a94-4c88-9d45-63ed102a6eb7",
    "data": [
      {
        "text": "Let me check for availability",
        "userDefined": false
      }
    ],
    "isTemplate": false,
    "count": 0,
    "lang": "en",
    "updated": 0
  },
  {
    "id": "88b06eee-7747-44ee-9243-9e59546d9fe9",
    "data": [
      {
        "text": "you are welcome",
        "userDefined": false
      }
    ],
    "isTemplate": false,
    "count": 0,
    "lang": "en",
    "updated": 0
  },
  {
    "id": "ffa88944-e285-4c8c-bb05-17e8687c2fc4",
    "data": [
      {
        "text": "Thank you. I will update your departure time",
        "userDefined": false
      }
    ],
    "isTemplate": false,
    "count": 0,
    "lang": "en",
    "updated": 0
  },
  {
    "id": "f34b119d-b7a3-4fe2-b6c4-186b243a7a60",
    "data": [
      {
        "text": "I will update your departure time",
        "userDefined": false
      }
    ],
    "isTemplate": false,
    "count": 0,
    "lang": "en",
    "updated": 0
  }
]