[
  {
    "id": "17733d9b-8ff0-4177-907a-d202d5c08b0f",
    "data": [
      {
        "text": "This is your room number and you are on level ",
        "userDefined": false
      },
      {
        "text": "16",
        "meta": "@sys.number",
        "alias": "number",
        "userDefined": false
      }
    ],
    "isTemplate": false,
    "count": 0,
    "lang": "en",
    "updated": 0
  },
  {
    "id": "4fa62b8c-1362-4474-b289-3b926e22204c",
    "data": [
      {
        "text": "Your room is on ",
        "userDefined": false
      },
      {
        "text": "10",
        "meta": "@sys.number",
        "alias": "number",
        "userDefined": false
      },
      {
        "text": " floor and this is your room number",
        "userDefined": false
      }
    ],
    "isTemplate": false,
    "count": 0,
    "lang": "en",
    "updated": 0
  },
  {
    "id": "e332cf9b-c700-4a96-b69c-b9fe85326ddb",
    "data": [
      {
        "text": "You will be staying with us on level ",
        "userDefined": false
      },
      {
        "text": "3",
        "meta": "@sys.number",
        "alias": "number",
        "userDefined": false
      },
      {
        "text": " and this is your room number",
        "userDefined": false
      }
    ],
    "isTemplate": false,
    "count": 0,
    "lang": "en",
    "updated": 0
  },
  {
    "id": "078fcc77-c757-4c21-b1c4-96bdd375ca5b",
    "data": [
      {
        "text": "your room number is here, it is located level ",
        "userDefined": false
      },
      {
        "text": "9",
        "meta": "@sys.number",
        "alias": "number",
        "userDefined": false
      }
    ],
    "isTemplate": false,
    "count": 0,
    "lang": "en",
    "updated": 0
  },
  {
    "id": "92ce3eda-b743-4251-b662-1ffca74676df",
    "data": [
      {
        "text": "Your room is located on level ",
        "userDefined": false
      },
      {
        "text": "8",
        "meta": "@sys.number",
        "alias": "number",
        "userDefined": true
      },
      {
        "text": " and this is your room number",
        "userDefined": false
      }
    ],
    "isTemplate": false,
    "count": 0,
    "lang": "en",
    "updated": 0
  },
  {
    "id": "157e9a05-adb6-4f75-9a44-463f4e6ec577",
    "data": [
      {
        "text": "this is your room key. Your room is located on level ",
        "userDefined": false
      },
      {
        "text": "12",
        "meta": "@sys.number",
        "alias": "number",
        "userDefined": true
      },
      {
        "text": " and this is your room ",
        "userDefined": false
      },
      {
        "text": "number",
        "meta": "@sys.ignore",
        "userDefined": true
      }
    ],
    "isTemplate": false,
    "count": 0,
    "lang": "en",
    "updated": 0
  }
]