[
  {
    "id": "2db11826-b346-462a-a58d-97ba05a11c4f",
    "data": [
      {
        "text": "You are staying with us for ",
        "userDefined": false
      },
      {
        "text": "6 of nights",
        "meta": "@sys.date-time",
        "alias": "departure_date",
        "userDefined": false
      },
      {
        "text": ", checking out on ",
        "userDefined": false
      },
      {
        "text": "11/20",
        "meta": "@sys.date-time",
        "alias": "departure_date",
        "userDefined": false
      },
      {
        "text": ". You booked our ",
        "userDefined": false
      },
      {
        "text": "alexander",
        "meta": "@room-type",
        "alias": "room_type",
        "userDefined": false
      },
      {
        "text": " room and this is your ",
        "userDefined": false
      },
      {
        "text": "$500",
        "meta": "@sys.unit-currency",
        "alias": "room_rate",
        "userDefined": false
      }
    ],
    "isTemplate": false,
    "count": 0,
    "lang": "en",
    "updated": 0
  },
  {
    "id": "be8a88f5-17cb-4543-be53-59da35b12019",
    "data": [
      {
        "text": "We have you with us for ",
        "userDefined": false
      },
      {
        "text": "5 nights",
        "meta": "@sys.duration",
        "alias": "duration",
        "userDefined": false
      },
      {
        "text": ", checking out on ",
        "userDefined": false
      },
      {
        "text": "12/06",
        "meta": "@sys.date-time",
        "alias": "departure_date",
        "userDefined": false
      },
      {
        "text": ". You booked our ",
        "userDefined": false
      },
      {
        "text": "standard",
        "meta": "@room-type",
        "alias": "room_type",
        "userDefined": false
      },
      {
        "text": " room and this is your ",
        "userDefined": false
      },
      {
        "text": "$600",
        "meta": "@sys.unit-currency",
        "alias": "room_rate",
        "userDefined": false
      },
      {
        "text": ".",
        "userDefined": false
      }
    ],
    "isTemplate": false,
    "count": 0,
    "lang": "en",
    "updated": 0
  },
  {
    "id": "d42e0e77-a3d7-46c4-bff7-62d35d69840f",
    "data": [
      {
        "text": "We have you with us for ",
        "userDefined": false
      },
      {
        "text": "4 nights",
        "meta": "@sys.duration",
        "alias": "duration",
        "userDefined": false
      },
      {
        "text": ", checking out on ",
        "userDefined": false
      },
      {
        "text": "12/03",
        "meta": "@sys.date-time",
        "alias": "departure_date",
        "userDefined": false
      },
      {
        "text": ". You booked our ",
        "userDefined": false
      },
      {
        "text": "standard",
        "meta": "@room-type",
        "alias": "room_type",
        "userDefined": false
      },
      {
        "text": " room and this is your ",
        "userDefined": false
      },
      {
        "text": "$300",
        "meta": "@sys.unit-currency",
        "alias": "room_rate",
        "userDefined": false
      }
    ],
    "isTemplate": false,
    "count": 0,
    "lang": "en",
    "updated": 0
  },
  {
    "id": "3866295e-fb9d-4eb7-8873-2e1415701ad6",
    "data": [
      {
        "text": "let me go through the reservation",
        "userDefined": false
      }
    ],
    "isTemplate": false,
    "count": 0,
    "lang": "en",
    "updated": 0
  },
  {
    "id": "1fb1eb10-630c-41c5-b71f-108211e2d75c",
    "data": [
      {
        "text": "let me go through the reservation. You booked our ",
        "userDefined": false
      },
      {
        "text": "deluxe",
        "meta": "@room-type",
        "alias": "room_type",
        "userDefined": false
      },
      {
        "text": " room. This is your room rate ",
        "userDefined": false
      },
      {
        "text": "$620",
        "meta": "@sys.unit-currency",
        "alias": "room_rate",
        "userDefined": false
      },
      {
        "text": ". You will be staying for ",
        "userDefined": false
      },
      {
        "text": "4 nights",
        "meta": "@sys.duration",
        "alias": "duration",
        "userDefined": false
      },
      {
        "text": " and you will be leaving us on ",
        "userDefined": false
      },
      {
        "text": "11",
        "meta": "@sys.date-time",
        "alias": "departure_date",
        "userDefined": false
      },
      {
        "text": "/29",
        "userDefined": false
      }
    ],
    "isTemplate": false,
    "count": 0,
    "lang": "en",
    "updated": 0
  },
  {
    "id": "8cd3e319-82f9-4723-9342-3266b4d58cba",
    "data": [
      {
        "text": "let me go through the reservation. You booked our ",
        "userDefined": false
      },
      {
        "text": "deluxe",
        "meta": "@room-type",
        "alias": "room_type",
        "userDefined": false
      },
      {
        "text": " room. This is your room rate ",
        "userDefined": false
      },
      {
        "text": "$20",
        "meta": "@sys.unit-currency",
        "alias": "room_rate",
        "userDefined": false
      },
      {
        "text": ". You will be staying for ",
        "userDefined": false
      },
      {
        "text": "3 nights",
        "meta": "@sys.duration",
        "alias": "duration",
        "userDefined": false
      },
      {
        "text": " and you will be leaving us on ",
        "userDefined": false
      },
      {
        "text": "10/29",
        "meta": "@sys.date-time",
        "alias": "departure_date",
        "userDefined": false
      }
    ],
    "isTemplate": false,
    "count": 0,
    "lang": "en",
    "updated": 0
  },
  {
    "id": "e30c7622-a22f-4518-871a-37bcf4313360",
    "data": [
      {
        "text": "You will be staying for ",
        "userDefined": false
      },
      {
        "text": "3 nights",
        "meta": "@sys.duration",
        "alias": "duration",
        "userDefined": false
      },
      {
        "text": " and you will be leaving us on ",
        "userDefined": false
      },
      {
        "text": "10/29",
        "meta": "@sys.date-time",
        "alias": "departure_date",
        "userDefined": false
      }
    ],
    "isTemplate": false,
    "count": 0,
    "lang": "en",
    "updated": 0
  },
  {
    "id": "b125d418-9a80-444b-be3c-dadec69ac75e",
    "data": [
      {
        "text": "This is your room rate ",
        "userDefined": false
      },
      {
        "text": "$300",
        "meta": "@sys.unit-currency",
        "alias": "room_rate",
        "userDefined": false
      }
    ],
    "isTemplate": false,
    "count": 0,
    "lang": "en",
    "updated": 0
  },
  {
    "id": "5a37bcff-4ba5-49ac-8784-1db76cf1bc8f",
    "data": [
      {
        "text": "You booked our ",
        "userDefined": false
      },
      {
        "text": "deluxe",
        "meta": "@room-type",
        "alias": "room_type",
        "userDefined": false
      },
      {
        "text": " room.",
        "userDefined": false
      }
    ],
    "isTemplate": false,
    "count": 0,
    "lang": "en",
    "updated": 0
  },
  {
    "id": "09d1b485-121f-48ab-8b65-7efc0798d645",
    "data": [
      {
        "text": "You booked our ",
        "userDefined": false
      },
      {
        "text": "deluxe",
        "meta": "@room-type",
        "alias": "room_type",
        "userDefined": false
      },
      {
        "text": " room. This is your room rate ",
        "userDefined": false
      },
      {
        "text": "$420",
        "meta": "@sys.unit-currency",
        "alias": "room_rate",
        "userDefined": false
      },
      {
        "text": ". You will be staying for ",
        "userDefined": false
      },
      {
        "text": "3 nights",
        "meta": "@sys.duration",
        "alias": "duration",
        "userDefined": false
      },
      {
        "text": " and you will be leaving us on ",
        "userDefined": false
      },
      {
        "text": "10/29",
        "meta": "@sys.date-time",
        "alias": "departure_date",
        "userDefined": false
      }
    ],
    "isTemplate": false,
    "count": 0,
    "lang": "en",
    "updated": 0
  }
]