[
  {
    "id": "aca9f0e9-4e53-400c-b1dc-439ab86231f7",
    "data": [
      {
        "text": "These are the hotel\u0027s terms and conditions",
        "userDefined": false
      }
    ],
    "isTemplate": false,
    "count": 0,
    "lang": "en",
    "updated": 0
  },
  {
    "id": "8ae5a2dd-b973-4c67-845b-047996f0ecdf",
    "data": [
      {
        "text": "These are the terms and conditions",
        "userDefined": false
      }
    ],
    "isTemplate": false,
    "count": 0,
    "lang": "en",
    "updated": 0
  },
  {
    "id": "fc8ad5e8-ad19-4ddf-b308-db5fbcfc7f29",
    "data": [
      {
        "text": "Kindly read through the terms and conditions",
        "userDefined": false
      }
    ],
    "isTemplate": false,
    "count": 0,
    "lang": "en",
    "updated": 0
  },
  {
    "id": "8af6eda2-5bb1-4e05-b956-d1721f6cba4d",
    "data": [
      {
        "text": "Kindly read through the terms and conditions stated here",
        "userDefined": false
      }
    ],
    "isTemplate": false,
    "count": 0,
    "lang": "en",
    "updated": 0
  },
  {
    "id": "74615787-0c0e-4a04-828a-ec1ba7fcdeb5",
    "data": [
      {
        "text": "Please note the terms and conditions here",
        "userDefined": false
      }
    ],
    "isTemplate": false,
    "count": 0,
    "lang": "en",
    "updated": 0
  }
]