[
  {
    "id": "bf6641de-b176-472c-b5ed-8f56fcac11dd",
    "data": [
      {
        "text": "You are entitled to complimentary internet usage",
        "userDefined": false
      }
    ],
    "isTemplate": false,
    "count": 0,
    "lang": "en",
    "updated": 0
  },
  {
    "id": "ce077ddd-c201-44fc-86cd-4f327c1ea58d",
    "data": [
      {
        "text": "Get connected to the hotel wifi network and you will be logged in",
        "userDefined": false
      }
    ],
    "isTemplate": false,
    "count": 0,
    "lang": "en",
    "updated": 0
  },
  {
    "id": "00882b6d-33f4-4815-b4ec-1ed00f0564b2",
    "data": [
      {
        "text": "You are entitled to complimentary internet usage. Get connected to the hotel wifi network and you will be logged in",
        "userDefined": false
      }
    ],
    "isTemplate": false,
    "count": 0,
    "lang": "en",
    "updated": 0
  },
  {
    "id": "c2bab0b2-c057-4662-b691-9f203c4ceead",
    "data": [
      {
        "text": "Wifi is included as well",
        "userDefined": false
      }
    ],
    "isTemplate": false,
    "count": 1,
    "lang": "en",
    "updated": 0
  },
  {
    "id": "aeb4d2d8-e065-46f7-98c2-57d5a3206919",
    "data": [
      {
        "text": "Do connect to the hotel west wifi and you will automatically be connected",
        "userDefined": false
      }
    ],
    "isTemplate": false,
    "count": 0,
    "lang": "en",
    "updated": 0
  },
  {
    "id": "26009657-0f67-4f09-8d02-d85f83fde0b6",
    "data": [
      {
        "text": "Wifi is included as well. Do connect to the hotel west wifi and you will automatically be connected",
        "userDefined": false
      }
    ],
    "isTemplate": false,
    "count": 0,
    "lang": "en",
    "updated": 0
  }
]