[
  {
    "id": "86da28ec-fa92-4996-99e7-ead3f87405c1",
    "data": [
      {
        "text": "Let me get your room ready",
        "userDefined": false
      }
    ],
    "isTemplate": false,
    "count": 0,
    "lang": "en",
    "updated": 0
  },
  {
    "id": "e106ed6a-52d4-41a4-af3b-4c50e344c826",
    "data": [
      {
        "text": "Let me prepare your key card",
        "userDefined": false
      }
    ],
    "isTemplate": false,
    "count": 0,
    "lang": "en",
    "updated": 0
  },
  {
    "id": "3751ac97-f8bf-4e2e-a025-1b85c56dd535",
    "data": [
      {
        "text": "I will prepare your room key",
        "userDefined": false
      }
    ],
    "isTemplate": false,
    "count": 0,
    "lang": "en",
    "updated": 0
  },
  {
    "id": "49560a1c-a574-4d5d-a20a-1e6763046498",
    "data": [
      {
        "text": "I will locate you a nice room",
        "userDefined": false
      }
    ],
    "isTemplate": false,
    "count": 0,
    "lang": "en",
    "updated": 0
  },
  {
    "id": "d8fcc05f-9e83-4a99-8539-2536dc887e7b",
    "data": [
      {
        "text": "I will find you a nice room",
        "userDefined": false
      }
    ],
    "isTemplate": false,
    "count": 0,
    "lang": "en",
    "updated": 0
  },
  {
    "id": "0d8cd402-1a05-415b-9f8b-8966231c8f1a",
    "data": [
      {
        "text": "I will get you a nice room",
        "userDefined": false
      }
    ],
    "isTemplate": false,
    "count": 0,
    "lang": "en",
    "updated": 0
  },
  {
    "id": "ab48145e-bc80-4b27-b8bc-9ad8fae34629",
    "data": [
      {
        "text": "let me locate a nice room for you",
        "userDefined": false
      }
    ],
    "isTemplate": false,
    "count": 0,
    "lang": "en",
    "updated": 0
  },
  {
    "id": "014c9d65-a037-4dcf-a683-7d6e88e5b900",
    "data": [
      {
        "text": "Let me find a nice room for you",
        "userDefined": false
      }
    ],
    "isTemplate": false,
    "count": 1,
    "lang": "en",
    "updated": 0
  },
  {
    "id": "46ee23c8-1207-4d30-8ab2-6ed49d3ad8f3",
    "data": [
      {
        "text": "Sure, let me locate a nice room for you",
        "userDefined": false
      }
    ],
    "isTemplate": false,
    "count": 0,
    "lang": "en",
    "updated": 0
  }
]