[
  {
    "id": "cf561587-2275-4ca6-b4a6-12d593c5ac9e",
    "data": [
      {
        "text": "I will get the bellboy to send it up to your room",
        "userDefined": false
      }
    ],
    "isTemplate": false,
    "count": 0,
    "lang": "en",
    "updated": 0
  },
  {
    "id": "be08f045-b876-4a82-9c44-279473a88796",
    "data": [
      {
        "text": "Certainly, I will get the bellboy to send it up to your room",
        "userDefined": false
      }
    ],
    "isTemplate": false,
    "count": 0,
    "lang": "en",
    "updated": 0
  },
  {
    "id": "1ae096a7-d741-4e55-a35d-c3500e970e80",
    "data": [
      {
        "text": "Certainly, I will get the porter to send it up to your room",
        "userDefined": false
      }
    ],
    "isTemplate": false,
    "count": 0,
    "lang": "en",
    "updated": 0
  },
  {
    "id": "fd617272-ceea-47c0-a8ef-6eb3285696f1",
    "data": [
      {
        "text": "I will get the porter to send it up to your room",
        "userDefined": false
      }
    ],
    "isTemplate": false,
    "count": 0,
    "lang": "en",
    "updated": 0
  },
  {
    "id": "fbad223d-1ddf-419e-b88a-b3b55632f54d",
    "data": [
      {
        "text": "I will get the bellman to send it up to your room",
        "userDefined": false
      }
    ],
    "isTemplate": false,
    "count": 0,
    "lang": "en",
    "updated": 0
  },
  {
    "id": "4d640606-e9dd-48bd-86de-8444d8d10045",
    "data": [
      {
        "text": "I will get the luggage to be sent to your room.",
        "userDefined": false
      }
    ],
    "isTemplate": false,
    "count": 0,
    "lang": "en",
    "updated": 0
  }
]