[
  {
    "id": "5ec7c974-4979-4771-82cc-ebc0d00dea97",
    "data": [
      {
        "text": "You will need your card for the lift as well as your room",
        "userDefined": false
      }
    ],
    "isTemplate": false,
    "count": 0,
    "lang": "en",
    "updated": 0
  },
  {
    "id": "690653ff-5ffb-4d50-b891-f07c3e3bd29f",
    "data": [
      {
        "text": "You will need your key card to activate the lift.",
        "userDefined": false
      }
    ],
    "isTemplate": false,
    "count": 0,
    "lang": "en",
    "updated": 0
  }
]