[
  {
    "id": "475fef66-e73b-44c6-8c00-75bb0c86f3e6",
    "data": [
      {
        "text": "We are all set. Is there anything else that I can do for you?",
        "userDefined": false
      }
    ],
    "isTemplate": false,
    "count": 0,
    "lang": "en",
    "updated": 0
  },
  {
    "id": "b81959b7-c0f8-4a5a-a4ea-a4c2d8d3c267",
    "data": [
      {
        "text": "Is there anything else that I can do for you? Then we are all set",
        "userDefined": false
      }
    ],
    "isTemplate": false,
    "count": 0,
    "lang": "en",
    "updated": 0
  },
  {
    "id": "78aafd9e-c5e8-48d1-97bb-5d490ab9d534",
    "data": [
      {
        "text": "anything else?",
        "userDefined": false
      }
    ],
    "isTemplate": false,
    "count": 0,
    "lang": "en",
    "updated": 0
  },
  {
    "id": "2ec958c6-b0e5-49c9-8745-05510fdf03e2",
    "data": [
      {
        "text": "Is there anything else I could assist you with?",
        "userDefined": false
      }
    ],
    "isTemplate": false,
    "count": 0,
    "lang": "en",
    "updated": 0
  },
  {
    "id": "e72ca199-b14d-4e48-95de-95f796964c7a",
    "data": [
      {
        "text": "Is there anything else that I can help you with?",
        "userDefined": false
      }
    ],
    "isTemplate": false,
    "count": 0,
    "lang": "en",
    "updated": 0
  }
]