[
  {
    "id": "49a23b97-22e8-4eb6-a448-7b7489cdbc74",
    "data": [
      {
        "text": "I am sorry",
        "userDefined": false
      }
    ],
    "isTemplate": false,
    "count": 0,
    "lang": "en",
    "updated": 0
  },
  {
    "id": "98fdc144-970b-419b-8c07-ff6ffe2ef182",
    "data": [
      {
        "text": "We only accept cash and the major credit cards like Visa, Mastercard and Amex",
        "userDefined": false
      }
    ],
    "isTemplate": false,
    "count": 0,
    "lang": "en",
    "updated": 0
  }
]