[
  {
    "id": "6516c334-79ac-4aa9-9d5c-be8cb1e7df8a",
    "data": [
      {
        "text": "Would you like to receive our hotel promotions?",
        "userDefined": false
      }
    ],
    "isTemplate": false,
    "count": 0,
    "lang": "en",
    "updated": 0
  },
  {
    "id": "eaa39e6b-f658-4c38-b6a5-0bc01b82c8a9",
    "data": [
      {
        "text": "We have rooms, spa and F\u0026B promotions, would you like to receive them?",
        "userDefined": false
      }
    ],
    "isTemplate": false,
    "count": 0,
    "lang": "en",
    "updated": 0
  },
  {
    "id": "c6d17b48-198a-48d5-bf1e-be6364c3c58f",
    "data": [
      {
        "text": "Would you like to receive promotions  via email?",
        "userDefined": false
      }
    ],
    "isTemplate": false,
    "count": 0,
    "lang": "en",
    "updated": 0
  },
  {
    "id": "017a654d-f799-4183-869d-eeae9069a04b",
    "data": [
      {
        "text": "Would you like to receive special offers via email?",
        "userDefined": false
      }
    ],
    "isTemplate": false,
    "count": 0,
    "lang": "en",
    "updated": 0
  },
  {
    "id": "25256b46-8704-4f6e-8d40-6c24c8f328c1",
    "data": [
      {
        "text": "Would you like to receive special offers and promotions on Hotel West via email?",
        "userDefined": false
      }
    ],
    "isTemplate": false,
    "count": 0,
    "lang": "en",
    "updated": 0
  }
]