[
  {
    "id": "a063cf8a-45bf-498d-8309-5560bff462d0",
    "data": [
      {
        "text": "Are you here for business or leisure?",
        "userDefined": false
      }
    ],
    "isTemplate": false,
    "count": 0,
    "lang": "en",
    "updated": 0
  },
  {
    "id": "eb5c56c4-9799-4e41-ab06-bf213e0c5b63",
    "data": [
      {
        "text": "Are you on a business or a leisure trip?",
        "userDefined": false
      }
    ],
    "isTemplate": false,
    "count": 0,
    "lang": "en",
    "updated": 0
  }
]