[
  {
    "id": "40467c1d-686e-4384-a4d1-002b9b33be08",
    "data": [
      {
        "text": "Can I help you with the bags",
        "userDefined": false
      }
    ],
    "isTemplate": false,
    "count": 0,
    "lang": "en",
    "updated": 0
  },
  {
    "id": "f50ddbc4-73f6-4e3a-b003-1652e9910394",
    "data": [
      {
        "text": "Can we help you with the bags?",
        "userDefined": false
      }
    ],
    "isTemplate": false,
    "count": 0,
    "lang": "en",
    "updated": 0
  },
  {
    "id": "28a5ea50-b2cc-4d98-8211-6d2efb95196a",
    "data": [
      {
        "text": "Do you need luggage assistance",
        "userDefined": false
      }
    ],
    "isTemplate": false,
    "count": 0,
    "lang": "en",
    "updated": 0
  },
  {
    "id": "3845fffb-c9e6-47db-8907-4f1a23588273",
    "data": [
      {
        "text": "bags?",
        "userDefined": false
      }
    ],
    "isTemplate": false,
    "count": 0,
    "lang": "en",
    "updated": 0
  },
  {
    "id": "3cc9f9ab-b833-45a1-bade-330a71d60039",
    "data": [
      {
        "text": "Can I help you with your bags?",
        "userDefined": false
      }
    ],
    "isTemplate": false,
    "count": 0,
    "lang": "en",
    "updated": 0
  },
  {
    "id": "d873b379-a3b8-44dc-ab34-b218a13596a9",
    "data": [
      {
        "text": "Do you need help with your bags?",
        "userDefined": false
      }
    ],
    "isTemplate": false,
    "count": 0,
    "lang": "en",
    "updated": 0
  },
  {
    "id": "19bfc68a-8759-4fb6-a604-c077f59d7d37",
    "data": [
      {
        "text": "Do you need assistance with your luggage",
        "userDefined": false
      }
    ],
    "isTemplate": false,
    "count": 0,
    "lang": "en",
    "updated": 0
  }
]