[
  {
    "id": "8bf9ff1b-eacd-41c7-bde7-6bac97b169cd",
    "data": [
      {
        "text": "Do you have any bags with the ",
        "userDefined": false
      },
      {
        "text": "bellman",
        "meta": "@man",
        "alias": "man",
        "userDefined": false
      }
    ],
    "isTemplate": false,
    "count": 0,
    "lang": "en",
    "updated": 0
  },
  {
    "id": "e48b8c69-d3d0-4e56-bc8c-0ae15373e330",
    "data": [
      {
        "text": "Do you have any bags with the ",
        "userDefined": false
      },
      {
        "text": "porter",
        "meta": "@man",
        "alias": "man",
        "userDefined": false
      }
    ],
    "isTemplate": false,
    "count": 0,
    "lang": "en",
    "updated": 0
  }
]