[
  {
    "id": "7f9937f2-ce0e-422b-a126-23a95284ec14",
    "data": [
      {
        "text": "how",
        "meta": "@sys.ignore",
        "userDefined": false
      },
      {
        "text": " about now",
        "userDefined": false
      }
    ],
    "isTemplate": false,
    "count": 0,
    "lang": "en",
    "updated": 0
  },
  {
    "id": "d4b6b4f1-9705-4ada-af50-ae69ed5e97c0",
    "data": [
      {
        "text": "let me show you",
        "userDefined": false
      }
    ],
    "isTemplate": false,
    "count": 0,
    "lang": "en",
    "updated": 0
  },
  {
    "id": "a1f54374-087a-46ca-b6d5-4a34c280689e",
    "data": [
      {
        "text": "Can you see that now",
        "userDefined": false
      }
    ],
    "isTemplate": false,
    "count": 0,
    "lang": "en",
    "updated": 0
  },
  {
    "id": "0cbecbd0-e810-4d01-92f5-eaeb9f5855f6",
    "data": [
      {
        "text": "here",
        "userDefined": false
      }
    ],
    "isTemplate": false,
    "count": 0,
    "lang": "en",
    "updated": 0
  }
]