[
  {
    "id": "b6352e71-34e9-4849-a4fe-570123056ad6",
    "data": [
      {
        "text": "Do you know what time will you be checking out?",
        "userDefined": false
      }
    ],
    "isTemplate": false,
    "count": 0,
    "lang": "en",
    "updated": 0
  },
  {
    "id": "5a09449f-d078-438a-8af2-7e05f1a5f3ea",
    "data": [
      {
        "text": "What time are you leaving us ",
        "userDefined": false
      },
      {
        "text": "on the day",
        "meta": "@sys.ignore",
        "userDefined": false
      },
      {
        "text": " of departure?",
        "userDefined": false
      }
    ],
    "isTemplate": false,
    "count": 0,
    "lang": "en",
    "updated": 0
  },
  {
    "id": "1a0f5e1d-da56-40bb-9ccf-64125bbb39eb",
    "data": [
      {
        "text": "What time are you leaving us on the departure day?",
        "userDefined": false
      }
    ],
    "isTemplate": false,
    "count": 0,
    "lang": "en",
    "updated": 0
  },
  {
    "id": "57e92e19-a7b2-41ab-9f80-0b213ee4dca3",
    "data": [
      {
        "text": "Our hotel\u0027s check-out time is ",
        "userDefined": false
      },
      {
        "text": "12 noon",
        "meta": "@sys.date-time",
        "alias": "date_time",
        "userDefined": false
      },
      {
        "text": ". May I know what time you will be checking out?",
        "userDefined": false
      }
    ],
    "isTemplate": false,
    "count": 0,
    "lang": "en",
    "updated": 0
  },
  {
    "id": "59f02be2-4672-4e10-b715-54f2a793a99a",
    "data": [
      {
        "text": "May I know what time you will be checking out?",
        "userDefined": false
      }
    ],
    "isTemplate": false,
    "count": 0,
    "lang": "en",
    "updated": 0
  },
  {
    "id": "fcc04c77-661a-422b-a2c5-bf9d989af8c3",
    "data": [
      {
        "text": "What time will you be checking out?",
        "userDefined": false
      }
    ],
    "isTemplate": false,
    "count": 0,
    "lang": "en",
    "updated": 0
  },
  {
    "id": "0fabed03-8e07-4792-9c95-888f4629de32",
    "data": [
      {
        "text": "May I know your expected time of departure?",
        "userDefined": false
      }
    ],
    "isTemplate": false,
    "count": 0,
    "lang": "en",
    "updated": 0
  },
  {
    "id": "5a809708-722d-44ba-96a4-e42616177edc",
    "data": [
      {
        "text": "time of departure?",
        "userDefined": false
      }
    ],
    "isTemplate": false,
    "count": 0,
    "lang": "en",
    "updated": 0
  },
  {
    "id": "b4c42899-cc9b-43b7-8ffe-60b91598b2f9",
    "data": [
      {
        "text": "Our hotel\u0027s check-out time is ",
        "userDefined": false
      },
      {
        "text": "12 noon",
        "meta": "@sys.date-time",
        "alias": "date_time",
        "userDefined": false
      },
      {
        "text": ". May I know your expected time of departure?",
        "userDefined": false
      }
    ],
    "isTemplate": false,
    "count": 0,
    "lang": "en",
    "updated": 0
  }
]