[
  {
    "id": "491413aa-64e0-4644-aa69-cb4e07c262fd",
    "data": [
      {
        "text": "Sure, may I have your Identification document for verification?",
        "userDefined": false
      }
    ],
    "isTemplate": false,
    "count": 0,
    "lang": "en",
    "updated": 0
  },
  {
    "id": "ad0bd9c9-6b54-40c6-83c6-9a33204c8f52",
    "data": [
      {
        "text": "Sure, can I have your Identification document for verification?",
        "userDefined": false
      }
    ],
    "isTemplate": false,
    "count": 0,
    "lang": "en",
    "updated": 0
  },
  {
    "id": "67cb6534-905d-48f5-9eb2-dfef38694f4e",
    "data": [
      {
        "text": "Certainly, can I have your Identification document for verification?",
        "userDefined": false
      }
    ],
    "isTemplate": false,
    "count": 0,
    "lang": "en",
    "updated": 0
  },
  {
    "id": "1ad2a457-db2a-4c36-88de-f34ee1845ca6",
    "data": [
      {
        "text": "Certainly, may I have your Identification document for verification?",
        "userDefined": false
      }
    ],
    "isTemplate": false,
    "count": 0,
    "lang": "en",
    "updated": 0
  },
  {
    "id": "c7bf2c17-e769-4b3c-b1af-64f1e49ac1d2",
    "data": [
      {
        "text": "identification card",
        "userDefined": false
      }
    ],
    "isTemplate": false,
    "count": 0,
    "lang": "en",
    "updated": 0
  },
  {
    "id": "1593df52-7555-43ac-9bb9-9a3634a52a95",
    "data": [
      {
        "text": "Do you have another form of identification such as your ",
        "userDefined": false
      },
      {
        "text": "identity card",
        "meta": "@sys.ignore",
        "userDefined": false
      },
      {
        "text": ", ",
        "userDefined": false
      },
      {
        "text": "NRIC",
        "meta": "@identity-document",
        "alias": "identity_document",
        "userDefined": false
      },
      {
        "text": " or ",
        "userDefined": false
      },
      {
        "text": "Driver\u0027s license",
        "meta": "@identity-document",
        "alias": "identity_document",
        "userDefined": false
      },
      {
        "text": " instead?",
        "userDefined": false
      }
    ],
    "isTemplate": false,
    "count": 0,
    "lang": "en",
    "updated": 0
  },
  {
    "id": "8f8c25e2-e4a0-409e-9359-4beb29529f64",
    "data": [
      {
        "text": "Do you have another form of identification such as your ",
        "userDefined": false
      },
      {
        "text": "Driver\u0027s license",
        "meta": "@identity-document",
        "alias": "identity_document",
        "userDefined": false
      },
      {
        "text": "  or ",
        "userDefined": false
      },
      {
        "text": "NRIC",
        "meta": "@identity-document",
        "alias": "identity_document",
        "userDefined": true
      },
      {
        "text": " instead?",
        "userDefined": false
      }
    ],
    "isTemplate": false,
    "count": 0,
    "lang": "en",
    "updated": 0
  },
  {
    "id": "8b069153-d53e-4562-8e1a-0e4b5c8cc2d3",
    "data": [
      {
        "text": "May I have your ",
        "userDefined": false
      },
      {
        "text": "passport",
        "meta": "@identity-document",
        "alias": "identity_document",
        "userDefined": false
      },
      {
        "text": " for verification please?",
        "userDefined": false
      }
    ],
    "isTemplate": false,
    "count": 1,
    "lang": "en",
    "updated": 0
  },
  {
    "id": "de6f222b-19f1-49e5-9d92-2397b645d1bd",
    "data": [
      {
        "text": "I am sorry. Do you have your ",
        "userDefined": false
      },
      {
        "text": "nric",
        "meta": "@identity-document",
        "alias": "identity_document",
        "userDefined": false
      },
      {
        "text": " instead?",
        "userDefined": false
      }
    ],
    "isTemplate": false,
    "count": 0,
    "lang": "en",
    "updated": 0
  },
  {
    "id": "f8ab20c5-eb6b-4ad1-971a-0d92a69bc90d",
    "data": [
      {
        "text": "Do you have your ",
        "userDefined": false
      },
      {
        "text": "Identity card",
        "meta": "@identity-document",
        "alias": "identity_document",
        "userDefined": false
      },
      {
        "text": " instead?",
        "userDefined": false
      }
    ],
    "isTemplate": false,
    "count": 0,
    "lang": "en",
    "updated": 0
  },
  {
    "id": "528ffb6f-a6ce-4a66-aede-67ce1ac667be",
    "data": [
      {
        "text": "For check-in, can I have your ",
        "userDefined": false
      },
      {
        "text": "passport",
        "meta": "@identity-document",
        "alias": "identity_document",
        "userDefined": false
      }
    ],
    "isTemplate": false,
    "count": 0,
    "lang": "en",
    "updated": 0
  },
  {
    "id": "708607f2-a470-4544-b32b-c0b2a2087bac",
    "data": [
      {
        "text": "For check-in, may I have your ",
        "userDefined": false
      },
      {
        "text": "passport",
        "meta": "@identity-document",
        "alias": "identity_document",
        "userDefined": false
      }
    ],
    "isTemplate": false,
    "count": 0,
    "lang": "en",
    "updated": 0
  },
  {
    "id": "4809e120-17e1-48c3-89ca-b8cbf2261304",
    "data": [
      {
        "text": "For registration, may I have your ",
        "userDefined": false
      },
      {
        "text": "passport",
        "meta": "@identity-document",
        "alias": "identity_document",
        "userDefined": false
      },
      {
        "text": " please?",
        "userDefined": false
      }
    ],
    "isTemplate": false,
    "count": 0,
    "lang": "en",
    "updated": 0
  },
  {
    "id": "434d50eb-d811-4a02-916f-dbef9a158661",
    "data": [
      {
        "text": "For registration, can I have your ",
        "userDefined": false
      },
      {
        "text": "passport",
        "meta": "@identity-document",
        "alias": "identity_document",
        "userDefined": false
      },
      {
        "text": " please?",
        "userDefined": false
      }
    ],
    "isTemplate": false,
    "count": 0,
    "lang": "en",
    "updated": 0
  },
  {
    "id": "c70a38a9-ab02-47d1-8afe-3d2ffbdf57f0",
    "data": [
      {
        "text": "May I have your ",
        "userDefined": false
      },
      {
        "text": "passport",
        "meta": "@identity-document",
        "alias": "identity_document",
        "userDefined": false
      },
      {
        "text": " please",
        "userDefined": false
      }
    ],
    "isTemplate": false,
    "count": 0,
    "lang": "en",
    "updated": 0
  },
  {
    "id": "d414f952-8d73-4c8a-8e3a-dd94ec4a1487",
    "data": [
      {
        "text": "Can I have your ",
        "userDefined": false
      },
      {
        "text": "passport",
        "meta": "@identity-document",
        "alias": "identity_document",
        "userDefined": false
      },
      {
        "text": " please",
        "userDefined": false
      }
    ],
    "isTemplate": false,
    "count": 0,
    "lang": "en",
    "updated": 0
  },
  {
    "id": "b29acb14-0aa7-4bc6-9304-0058ea610a6f",
    "data": [
      {
        "text": "Sure, can I have your ",
        "userDefined": false
      },
      {
        "text": "Passport",
        "meta": "@identity-document",
        "alias": "identity_document",
        "userDefined": false
      },
      {
        "text": " for checkin",
        "userDefined": false
      }
    ],
    "isTemplate": false,
    "count": 0,
    "lang": "en",
    "updated": 0
  },
  {
    "id": "f0d71e48-f519-4709-a4b8-9c897d2b2e05",
    "data": [
      {
        "text": "Sure, may I have your ",
        "userDefined": false
      },
      {
        "text": "Passport",
        "meta": "@identity-document",
        "alias": "identity_document",
        "userDefined": false
      },
      {
        "text": " for checkin",
        "userDefined": false
      }
    ],
    "isTemplate": false,
    "count": 0,
    "lang": "en",
    "updated": 0
  },
  {
    "id": "ebf2d628-d524-44f9-80d2-12331dec7ca7",
    "data": [
      {
        "text": "Certainly, can I have your ",
        "userDefined": false
      },
      {
        "text": "Passport",
        "meta": "@identity-document",
        "alias": "identity_document",
        "userDefined": false
      },
      {
        "text": " for checkin",
        "userDefined": false
      }
    ],
    "isTemplate": false,
    "count": 0,
    "lang": "en",
    "updated": 0
  },
  {
    "id": "6b93f8f9-7cc8-45d1-9d02-60a003906d81",
    "data": [
      {
        "text": "Certainly, may I have your ",
        "userDefined": false
      },
      {
        "text": "Passport",
        "meta": "@identity-document",
        "alias": "identity_document",
        "userDefined": false
      },
      {
        "text": " for checkin",
        "userDefined": false
      }
    ],
    "isTemplate": false,
    "count": 0,
    "lang": "en",
    "updated": 0
  },
  {
    "id": "d8cdfb79-78f1-4059-a407-420a5a94c2eb",
    "data": [
      {
        "text": "I am sorry. Do you have your ",
        "userDefined": false
      },
      {
        "text": "identification card",
        "meta": "@identity-document",
        "alias": "identity_document",
        "userDefined": true
      },
      {
        "text": " instead?",
        "userDefined": false
      }
    ],
    "isTemplate": false,
    "count": 0,
    "lang": "en",
    "updated": 0
  },
  {
    "id": "d8baa856-8c62-4a55-bd26-54479f6858b1",
    "data": [
      {
        "text": "I am sorry. Do you have your ",
        "userDefined": false
      },
      {
        "text": "IC",
        "meta": "@identity-document",
        "alias": "identity_document",
        "userDefined": false
      },
      {
        "text": " instead?",
        "userDefined": false
      }
    ],
    "isTemplate": false,
    "count": 0,
    "lang": "en",
    "updated": 0
  },
  {
    "id": "8710655a-1dce-4b9c-a2d2-21e9a9f308e9",
    "data": [
      {
        "text": "I am sorry. Do you have your ",
        "userDefined": false
      },
      {
        "text": "Driver\u0027s license",
        "meta": "@identity-document",
        "alias": "identity_document",
        "userDefined": false
      },
      {
        "text": " instead?",
        "userDefined": false
      }
    ],
    "isTemplate": false,
    "count": 0,
    "lang": "en",
    "updated": 0
  },
  {
    "id": "33708225-8264-431d-b487-e7188477e722",
    "data": [
      {
        "text": "or ",
        "userDefined": false
      },
      {
        "text": "Identity card",
        "meta": "@identity-document",
        "alias": "identity_document",
        "userDefined": false
      },
      {
        "text": "?",
        "userDefined": false
      }
    ],
    "isTemplate": false,
    "count": 0,
    "lang": "en",
    "updated": 0
  },
  {
    "id": "da79d44c-0253-44e8-b53b-53ab369f5d22",
    "data": [
      {
        "text": "Yes, certainly. May I have your ",
        "userDefined": false
      },
      {
        "text": "driver\u0027s license",
        "meta": "@identity-document",
        "alias": "identity_document",
        "userDefined": true
      },
      {
        "text": " please?",
        "userDefined": false
      }
    ],
    "isTemplate": false,
    "count": 0,
    "lang": "en",
    "updated": 0
  },
  {
    "id": "cc2ba283-d7ee-47c0-b2d9-bc7052952e50",
    "data": [
      {
        "text": "Yes, certainly. May I have your ",
        "userDefined": false
      },
      {
        "text": "nric",
        "meta": "@identity-document",
        "alias": "identity_document",
        "userDefined": false
      },
      {
        "text": " please?",
        "userDefined": false
      }
    ],
    "isTemplate": false,
    "count": 0,
    "lang": "en",
    "updated": 0
  },
  {
    "id": "58399dac-0f83-4a1b-95ec-f79573ee75b7",
    "data": [
      {
        "text": "Yes, certainly. May I have your ",
        "userDefined": false
      },
      {
        "text": "Identity card",
        "meta": "@identity-document",
        "alias": "identity_document",
        "userDefined": false
      },
      {
        "text": " please?",
        "userDefined": false
      }
    ],
    "isTemplate": false,
    "count": 0,
    "lang": "en",
    "updated": 0
  },
  {
    "id": "c30135f2-770a-4472-b5b2-14ef4ee2bbfc",
    "data": [
      {
        "text": "or ",
        "userDefined": false
      },
      {
        "text": "NRIC",
        "meta": "@identity-document",
        "alias": "identity_document",
        "userDefined": false
      },
      {
        "text": "?",
        "userDefined": false
      }
    ],
    "isTemplate": false,
    "count": 0,
    "lang": "en",
    "updated": 0
  },
  {
    "id": "588094fb-1134-434a-85ed-6f0ed571c911",
    "data": [
      {
        "text": "your ",
        "userDefined": false
      },
      {
        "text": "passport",
        "meta": "@identity-document",
        "alias": "identity_document",
        "userDefined": false
      },
      {
        "text": " please",
        "userDefined": false
      }
    ],
    "isTemplate": false,
    "count": 0,
    "lang": "en",
    "updated": 0
  },
  {
    "id": "1b41f282-658e-4094-b5dc-75f426a6de68",
    "data": [
      {
        "text": "may I have your ",
        "userDefined": false
      },
      {
        "text": "NRIC",
        "meta": "@identity-document",
        "alias": "identity_document",
        "userDefined": true
      },
      {
        "text": "?",
        "userDefined": false
      }
    ],
    "isTemplate": false,
    "count": 0,
    "lang": "en",
    "updated": 0
  },
  {
    "id": "7e91848d-9463-4467-94ab-602717558c23",
    "data": [
      {
        "text": "may I have your ",
        "userDefined": false
      },
      {
        "text": "identity card",
        "meta": "@identity-document",
        "alias": "identity_document",
        "userDefined": true
      },
      {
        "text": "?",
        "userDefined": false
      }
    ],
    "isTemplate": false,
    "count": 0,
    "lang": "en",
    "updated": 0
  },
  {
    "id": "a168a490-bd2b-4c3e-aff7-2550caf069fe",
    "data": [
      {
        "text": "may I have your ",
        "userDefined": false
      },
      {
        "text": "passport",
        "meta": "@identity-document",
        "alias": "identity_document",
        "userDefined": true
      },
      {
        "text": "?",
        "userDefined": false
      }
    ],
    "isTemplate": false,
    "count": 0,
    "lang": "en",
    "updated": 0
  },
  {
    "id": "2461968a-6833-4ec0-8ddf-10555543a5b9",
    "data": [
      {
        "text": "may I have your ",
        "userDefined": false
      },
      {
        "text": "passport",
        "meta": "@identity-document",
        "alias": "identity_document",
        "userDefined": true
      },
      {
        "text": " for registration please?",
        "userDefined": false
      }
    ],
    "isTemplate": false,
    "count": 0,
    "lang": "en",
    "updated": 0
  }
]