[
  {
    "id": "59349d60-2635-4346-a94d-9a91d53cdf58",
    "data": [
      {
        "text": "Let me locate your reservation",
        "userDefined": false
      }
    ],
    "isTemplate": false,
    "count": 0,
    "lang": "en",
    "updated": 0
  },
  {
    "id": "0cb367af-7022-4b35-97f6-08ce6acd3fa2",
    "data": [
      {
        "text": "Let me locate your booking",
        "userDefined": false
      }
    ],
    "isTemplate": false,
    "count": 0,
    "lang": "en",
    "updated": 0
  },
  {
    "id": "8df6ab65-0177-4afd-a10b-a6509297bedd",
    "data": [
      {
        "text": "Let me find your booking",
        "userDefined": false
      }
    ],
    "isTemplate": false,
    "count": 0,
    "lang": "en",
    "updated": 0
  },
  {
    "id": "69a0457f-8a15-4a63-8e23-3c25d86b9e56",
    "data": [
      {
        "text": "Let me find your reservation",
        "userDefined": false
      }
    ],
    "isTemplate": false,
    "count": 0,
    "lang": "en",
    "updated": 0
  },
  {
    "id": "cefacbb9-dc5f-483d-a008-f663e6edc2a3",
    "data": [
      {
        "text": "give me a moment while I locate your reservation",
        "userDefined": false
      }
    ],
    "isTemplate": false,
    "count": 0,
    "lang": "en",
    "updated": 0
  },
  {
    "id": "e5b44707-c0e6-4c7c-8201-630fef013ff3",
    "data": [
      {
        "text": "wait a moment",
        "userDefined": false
      }
    ],
    "isTemplate": false,
    "count": 0,
    "lang": "en",
    "updated": 0
  },
  {
    "id": "ee533985-3e1e-4bf0-8bf3-e29f357a5dce",
    "data": [
      {
        "text": "give me a moment",
        "userDefined": false
      }
    ],
    "isTemplate": false,
    "count": 0,
    "lang": "en",
    "updated": 0
  }
]