[
  {
    "id": "c96580b4-3682-44ac-834f-7628739b9275",
    "data": [
      {
        "text": "May I have your luggage tag please?",
        "userDefined": false
      }
    ],
    "isTemplate": false,
    "count": 1,
    "lang": "en",
    "updated": 0
  },
  {
    "id": "bf2d4306-8600-4245-9392-0eba20ddb592",
    "data": [
      {
        "text": "May I have your luggage tag please? I will get the luggage to be sent to your room",
        "userDefined": false
      }
    ],
    "isTemplate": false,
    "count": 0,
    "lang": "en",
    "updated": 0
  }
]