[
  {
    "id": "bdda8f77-5643-4fda-b4e6-595405a2ed57",
    "data": [
      {
        "text": "Can I have your business card please?",
        "userDefined": false
      }
    ],
    "isTemplate": false,
    "count": 0,
    "lang": "en",
    "updated": 0
  },
  {
    "id": "e04f31a2-8825-41e7-beae-b2e0a1c29515",
    "data": [
      {
        "text": "May I have your business card please?",
        "userDefined": false
      }
    ],
    "isTemplate": false,
    "count": 0,
    "lang": "en",
    "updated": 0
  },
  {
    "id": "225996d1-147f-43f6-8c04-9f5d1754e03e",
    "data": [
      {
        "text": "Do you have a business card ?",
        "userDefined": false
      }
    ],
    "isTemplate": false,
    "count": 0,
    "lang": "en",
    "updated": 0
  },
  {
    "id": "5f54ba15-0f58-48a8-9681-dcc974e70dd3",
    "data": [
      {
        "text": "Do you have a business card so we could update your contact details?",
        "userDefined": false
      }
    ],
    "isTemplate": false,
    "count": 0,
    "lang": "en",
    "updated": 0
  }
]