[
  {
    "id": "10f9f781-b7e4-4e6a-812a-0cdb24da57a9",
    "data": [
      {
        "text": "I am sorry, we will need a form of guarantee",
        "userDefined": false
      }
    ],
    "isTemplate": false,
    "count": 0,
    "lang": "en",
    "updated": 0
  },
  {
    "id": "c77d03ed-4fb5-4006-ae27-76e06d7cb41e",
    "data": [
      {
        "text": "I would need at least a guarantee of one night room charge.",
        "userDefined": false
      }
    ],
    "isTemplate": false,
    "count": 0,
    "lang": "en",
    "updated": 0
  },
  {
    "id": "6f05bf1b-c230-462d-91cb-692d1c5c7317",
    "data": [
      {
        "text": "It is impossible",
        "userDefined": false
      }
    ],
    "isTemplate": false,
    "count": 0,
    "lang": "en",
    "updated": 0
  },
  {
    "id": "8c34471a-3ef5-49b7-a38c-cf412f5f6e7e",
    "data": [
      {
        "text": "I am sorry",
        "userDefined": false
      }
    ],
    "isTemplate": false,
    "count": 0,
    "lang": "en",
    "updated": 0
  }
]