[
  {
    "id": "7f2968e2-38ab-4600-a6a6-bc76f2d9fdb4",
    "data": [
      {
        "text": "You can check out ",
        "userDefined": false
      },
      {
        "text": "at 12noon",
        "meta": "@sys.ignore",
        "userDefined": false
      },
      {
        "text": " and store your bags with us and use our shower facilities",
        "userDefined": false
      }
    ],
    "isTemplate": false,
    "count": 0,
    "lang": "en",
    "updated": 0
  },
  {
    "id": "1a479f87-23dd-46c4-b706-9e74fd08d874",
    "data": [
      {
        "text": "I am sorry, we are not able to extend your late checkout",
        "userDefined": false
      }
    ],
    "isTemplate": false,
    "count": 0,
    "lang": "en",
    "updated": 0
  },
  {
    "id": "2c9c2537-9f70-4203-9997-d93ae9276f7f",
    "data": [
      {
        "text": "I am sorry, we are not able to extend your late checkout as the hotel is running a full house",
        "userDefined": false
      }
    ],
    "isTemplate": false,
    "count": 0,
    "lang": "en",
    "updated": 0
  },
  {
    "id": "4382ea0d-873d-4a5b-bf26-ec8760df759a",
    "data": [
      {
        "text": "What we can do is, store your bags after checking out and you can also freshen up using our shower facilities before you proceed to the airport",
        "userDefined": false
      }
    ],
    "isTemplate": false,
    "count": 0,
    "lang": "en",
    "updated": 0
  },
  {
    "id": "4cd98d91-ccd4-4089-9fa4-0fd4551f64d7",
    "data": [
      {
        "text": "we are not able to extend your late checkout",
        "userDefined": false
      }
    ],
    "isTemplate": false,
    "count": 0,
    "lang": "en",
    "updated": 0
  },
  {
    "id": "5642beb3-3569-4e27-a567-d2905a864ba9",
    "data": [
      {
        "text": "we are not able to extend your late checkout as the hotel is running a full house.",
        "userDefined": false
      }
    ],
    "isTemplate": false,
    "count": 0,
    "lang": "en",
    "updated": 0
  },
  {
    "id": "99471a0e-8397-4ddb-a652-45b9372b66ad",
    "data": [
      {
        "text": "I am sorry",
        "userDefined": false
      }
    ],
    "isTemplate": false,
    "count": 0,
    "lang": "en",
    "updated": 0
  },
  {
    "id": "66a8d3f6-49ac-486e-92d3-9e2f647dffb3",
    "data": [
      {
        "text": "unfortunately",
        "userDefined": false
      }
    ],
    "isTemplate": false,
    "count": 0,
    "lang": "en",
    "updated": 0
  }
]