[
  {
    "id": "0fd19f22-7977-4506-b228-bdac6bc1a0c2",
    "data": [
      {
        "text": "We only accept cash and the major credit cards like Visa, Mastercard and Amex.",
        "userDefined": false
      }
    ],
    "isTemplate": false,
    "count": 0,
    "lang": "en",
    "updated": 0
  },
  {
    "id": "cb97e803-12e6-46d0-aa6e-b8da62930292",
    "data": [
      {
        "text": "I am sorry",
        "userDefined": false
      }
    ],
    "isTemplate": false,
    "count": 0,
    "lang": "en",
    "updated": 0
  }
]