[
  {
    "id": "3d386557-55a3-4ebb-86b7-96bd4d5b4869",
    "data": [
      {
        "text": "Thanks, I will provide you with a receipt",
        "userDefined": false
      }
    ],
    "isTemplate": false,
    "count": 0,
    "lang": "en",
    "updated": 0
  },
  {
    "id": "a9fa3d24-d935-422e-b636-45bcc3463192",
    "data": [
      {
        "text": "Thank you. I will provide you with a receipt",
        "userDefined": false
      }
    ],
    "isTemplate": false,
    "count": 0,
    "lang": "en",
    "updated": 0
  },
  {
    "id": "dfedca57-5b08-4ca4-961b-e2bfe094d5d6",
    "data": [
      {
        "text": "Thank you",
        "userDefined": false
      }
    ],
    "isTemplate": false,
    "count": 0,
    "lang": "en",
    "updated": 0
  },
  {
    "id": "f7db31e3-b1f5-4c69-8392-2feb1976f488",
    "data": [
      {
        "text": "Thanks",
        "userDefined": false
      }
    ],
    "isTemplate": false,
    "count": 0,
    "lang": "en",
    "updated": 0
  },
  {
    "id": "59ef2151-8e3e-4523-bb26-c9117a6fafbb",
    "data": [
      {
        "text": "Thank you for your ",
        "userDefined": false
      },
      {
        "text": "card",
        "meta": "@sys.ignore",
        "userDefined": false
      }
    ],
    "isTemplate": false,
    "count": 0,
    "lang": "en",
    "updated": 0
  }
]