[
  {
    "id": "7beb3fe2-b0b3-4755-b4b7-a67d48b361e6",
    "data": [
      {
        "text": "Your signature here",
        "userDefined": false
      }
    ],
    "isTemplate": false,
    "count": 0,
    "lang": "en",
    "updated": 0
  },
  {
    "id": "c213cc06-15d6-4107-a2ae-90d9d93f2892",
    "data": [
      {
        "text": "Please sign here",
        "userDefined": false
      }
    ],
    "isTemplate": false,
    "count": 0,
    "lang": "en",
    "updated": 0
  },
  {
    "id": "385aa6af-a5be-476c-8576-27dd1c036643",
    "data": [
      {
        "text": "Can you sign here please?",
        "userDefined": false
      }
    ],
    "isTemplate": false,
    "count": 0,
    "lang": "en",
    "updated": 0
  },
  {
    "id": "73149f1f-fce6-47b1-8cdd-027f154f23ef",
    "data": [
      {
        "text": "If all is in order, may I have your signature please?",
        "userDefined": false
      }
    ],
    "isTemplate": false,
    "count": 0,
    "lang": "en",
    "updated": 0
  },
  {
    "id": "ee3b4f5b-4528-4c88-9ed2-0502a671416d",
    "data": [
      {
        "text": "If all is in order, can I have your signature please?",
        "userDefined": false
      }
    ],
    "isTemplate": false,
    "count": 0,
    "lang": "en",
    "updated": 0
  },
  {
    "id": "552cfc7b-0fe3-436a-bd72-308f5ea45c7a",
    "data": [
      {
        "text": "Your signature here please",
        "userDefined": false
      }
    ],
    "isTemplate": false,
    "count": 0,
    "lang": "en",
    "updated": 0
  },
  {
    "id": "019978fd-54d3-4c45-94d5-696b05e384d4",
    "data": [
      {
        "text": "If everything is okay, may I have your signature please?",
        "userDefined": false
      }
    ],
    "isTemplate": false,
    "count": 0,
    "lang": "en",
    "updated": 0
  },
  {
    "id": "dc0ddd14-ed1f-44cd-804a-af58e1746ea0",
    "data": [
      {
        "text": "If everything is okay, can you sign here please?",
        "userDefined": false
      }
    ],
    "isTemplate": false,
    "count": 0,
    "lang": "en",
    "updated": 0
  },
  {
    "id": "e52b387c-e64c-42b3-8161-f76009b1cc3e",
    "data": [
      {
        "text": "Can I have your signature here please?",
        "userDefined": false
      }
    ],
    "isTemplate": false,
    "count": 0,
    "lang": "en",
    "updated": 0
  },
  {
    "id": "3884e5ba-f400-4323-83b6-57fb0869cd65",
    "data": [
      {
        "text": "Can you sign here please",
        "userDefined": false
      }
    ],
    "isTemplate": false,
    "count": 0,
    "lang": "en",
    "updated": 0
  },
  {
    "id": "ff887006-2d9f-4fab-90ac-6ce2de2288f9",
    "data": [
      {
        "text": "signature here",
        "userDefined": false
      }
    ],
    "isTemplate": false,
    "count": 0,
    "lang": "en",
    "updated": 0
  },
  {
    "id": "43b02d11-000a-41a4-acaf-90af3c91a1cb",
    "data": [
      {
        "text": "may I have your signature here please?",
        "userDefined": false
      }
    ],
    "isTemplate": false,
    "count": 0,
    "lang": "en",
    "updated": 0
  },
  {
    "id": "3fc31844-4fd2-4fb5-95f1-8bdee6603e1a",
    "data": [
      {
        "text": "If all the details are correct, may I have your signature here please?",
        "userDefined": false
      }
    ],
    "isTemplate": false,
    "count": 0,
    "lang": "en",
    "updated": 0
  }
]